Workbook

Sheet Validation - Code Output
A1: Table 1
A2: Rank | B2: Team | C2: Rating - Code Output | D2: Rating - Manual in Excel
A3: 1 | B3: Notre Dame | C3: 7.7537153 | D3: {=VLOOKUP($B3,'Matrix Output'!$A1:$EJ137,140,FALSE)} -> 7.7537153
A4: 2 | B4: Florida | C4: 6.8918867 | D4: {=VLOOKUP($B4,'Matrix Output'!$A1:$EJ137,140,FALSE)} -> 6.8918867
A5: 3 | B5: Oregon | C5: 6.8199132 | D5: {=VLOOKUP($B5,'Matrix Output'!$A1:$EJ137,140,FALSE)} -> 6.8199132
A6: 4 | B6: USC | C6: 6.1075652 | D6: {=VLOOKUP($B6,'Matrix Output'!$A1:$EJ137,140,FALSE)} -> 6.1075652
A7: 5 | B7: SMU | C7: 6.0318777 | D7: {=VLOOKUP($B7,'Matrix Output'!$A1:$EJ137,140,FALSE)} -> 6.0318777
A8: 6 | B8: Texas | C8: 5.9882203 | D8: {=VLOOKUP($B8,'Matrix Output'!$A1:$EJ137,140,FALSE)} -> 5.9882203
A9: 7 | B9: Oklahoma | C9: 5.6719954 | D9: {=VLOOKUP($B9,'Matrix Output'!$A1:$EJ137,140,FALSE)} -> 5.6719954
A10: 8 | B10: Texas Tech | C10: 5.5998277 | D10: {=VLOOKUP($B10,'Matrix Output'!$A1:$EJ137,140,FALSE)} -> 5.5998277
A11: 9 | B11: Georgia | C11: 5.591297 | D11: {=VLOOKUP($B11,'Matrix Output'!$A1:$EJ137,140,FALSE)} -> 5.591297
A12: 10 | B12: Mississippi | C12: 5.5136048 | D12: {=VLOOKUP($B12,'Matrix Output'!$A1:$EJ137,140,FALSE)} -> 5.5136048
A13: 11 | B13: Utah | C13: 5.4656876 | D13: {=VLOOKUP($B13,'Matrix Output'!$A1:$EJ137,140,FALSE)} -> 5.4656876
A14: 12 | B14: Ohio St | C14: 5.2748384 | D14: {=VLOOKUP($B14,'Matrix Output'!$A1:$EJ137,140,FALSE)} -> 5.2748384
A15: 13 | B15: Alabama | C15: 5.2283042 | D15: {=VLOOKUP($B15,'Matrix Output'!$A1:$EJ137,140,FALSE)} -> 5.2283042
A16: 14 | B16: Miami | C16: 5.0922019 | D16: {=VLOOKUP($B16,'Matrix Output'!$A1:$EJ137,140,FALSE)} -> 5.0922019
A17: 15 | B17: Illinois | C17: 4.5934518 | D17: {=VLOOKUP($B17,'Matrix Output'!$A1:$EJ137,140,FALSE)} -> 4.5934518
A18: 16 | B18: Kansas | C18: 4.578754 | D18: {=VLOOKUP($B18,'Matrix Output'!$A1:$EJ137,140,FALSE)} -> 4.578754
A19: 17 | B19: Tulane | C19: 4.5591367 | D19: {=VLOOKUP($B19,'Matrix Output'!$A1:$EJ137,140,FALSE)} -> 4.5591367
A20: 18 | B20: Toledo | C20: 4.558876 | D20: {=VLOOKUP($B20,'Matrix Output'!$A1:$EJ137,140,FALSE)} -> 4.558876
A21: 19 | B21: Iowa St | C21: 4.401892 | D21: {=VLOOKUP($B21,'Matrix Output'!$A1:$EJ137,140,FALSE)} -> 4.401892
A22: 20 | B22: Louisville | C22: 4.3112326 | D22: {=VLOOKUP($B22,'Matrix Output'!$A1:$EJ137,140,FALSE)} -> 4.3112326
A23: 21 | B23: Texas A&M | C23: 4.2657068 | D23: {=VLOOKUP($B23,'Matrix Output'!$A1:$EJ137,140,FALSE)} -> 4.2657068
A24: 22 | B24: Missouri | C24: 4.0142572 | D24: {=VLOOKUP($B24,'Matrix Output'!$A1:$EJ137,140,FALSE)} -> 4.0142572
A25: 23 | B25: Georgia Tech | C25: 4.0043546 | D25: {=VLOOKUP($B25,'Matrix Output'!$A1:$EJ137,140,FALSE)} -> 4.0043546
A26: 24 | B26: Michigan | C26: 3.9426785 | D26: {=VLOOKUP($B26,'Matrix Output'!$A1:$EJ137,140,FALSE)} -> 3.9426785
A27: 25 | B27: Tennessee | C27: 3.9035829 | D27: {=VLOOKUP($B27,'Matrix Output'!$A1:$EJ137,140,FALSE)} -> 3.9035829
A28: 26 | B28: Vanderbilt | C28: 3.6994365 | D28: {=VLOOKUP($B28,'Matrix Output'!$A1:$EJ137,140,FALSE)} -> 3.6994365
A29: 27 | B29: LSU | C29: 3.6549276 | D29: {=VLOOKUP($B29,'Matrix Output'!$A1:$EJ137,140,FALSE)} -> 3.6549276
A30: 28 | B30: Florida St | C30: 3.5726018 | D30: {=VLOOKUP($B30,'Matrix Output'!$A1:$EJ137,140,FALSE)} -> 3.5726018
A31: 29 | B31: TCU | C31: 3.4749183 | D31: {=VLOOKUP($B31,'Matrix Output'!$A1:$EJ137,140,FALSE)} -> 3.4749183
A32: 30 | B32: Mississippi St | C32: 3.4608221 | D32: {=VLOOKUP($B32,'Matrix Output'!$A1:$EJ137,140,FALSE)} -> 3.4608221
A33: 31 | B33: West Virginia | C33: 3.3151201 | D33: {=VLOOKUP($B33,'Matrix Output'!$A1:$EJ137,140,FALSE)} -> 3.3151201
A34: 32 | B34: N Texas | C34: 3.2610572 | D34: {=VLOOKUP($B34,'Matrix Output'!$A1:$EJ137,140,FALSE)} -> 3.2610572
A35: 33 | B35: Navy | C35: 3.2433579 | D35: {=VLOOKUP($B35,'Matrix Output'!$A1:$EJ137,140,FALSE)} -> 3.2433579
A36: 34 | B36: Duke | C36: 3.1946532 | D36: {=VLOOKUP($B36,'Matrix Output'!$A1:$EJ137,140,FALSE)} -> 3.1946532
A37: 35 | B37: Penn St | C37: 3.1020273 | D37: {=VLOOKUP($B37,'Matrix Output'!$A1:$EJ137,140,FALSE)} -> 3.1020273
A38: 36 | B38: Virginia | C38: 2.8154897 | D38: {=VLOOKUP($B38,'Matrix Output'!$A1:$EJ137,140,FALSE)} -> 2.8154897
A39: 37 | B39: Iowa | C39: 2.7790891 | D39: {=VLOOKUP($B39,'Matrix Output'!$A1:$EJ137,140,FALSE)} -> 2.7790891
A40: 38 | B40: South Carolina | C40: 2.7432077 | D40: {=VLOOKUP($B40,'Matrix Output'!$A1:$EJ137,140,FALSE)} -> 2.7432077
A41: 39 | B41: Clemson | C41: 2.6281733 | D41: {=VLOOKUP($B41,'Matrix Output'!$A1:$EJ137,140,FALSE)} -> 2.6281733
A42: 40 | B42: Auburn | C42: 2.6245914 | D42: {=VLOOKUP($B42,'Matrix Output'!$A1:$EJ137,140,FALSE)} -> 2.6245914
A43: 41 | B43: Pittsburgh | C43: 2.3773724 | D43: {=VLOOKUP($B43,'Matrix Output'!$A1:$EJ137,140,FALSE)} -> 2.3773724
A44: 42 | B44: Arizona St | C44: 2.2448529 | D44: {=VLOOKUP($B44,'Matrix Output'!$A1:$EJ137,140,FALSE)} -> 2.2448529
A45: 43 | B45: San Diego St | C45: 2.1807799 | D45: {=VLOOKUP($B45,'Matrix Output'!$A1:$EJ137,140,FALSE)} -> 2.1807799
A46: 44 | B46: Buffalo | C46: 2.1571893 | D46: {=VLOOKUP($B46,'Matrix Output'!$A1:$EJ137,140,FALSE)} -> 2.1571893
A47: 45 | B47: Washington | C47: 2.0273309 | D47: {=VLOOKUP($B47,'Matrix Output'!$A1:$EJ137,140,FALSE)} -> 2.0273309
A48: 46 | B48: Wisconsin | C48: 1.949544 | D48: {=VLOOKUP($B48,'Matrix Output'!$A1:$EJ137,140,FALSE)} -> 1.949544
A49: 47 | B49: Nebraska | C49: 1.9227152 | D49: {=VLOOKUP($B49,'Matrix Output'!$A1:$EJ137,140,FALSE)} -> 1.9227152
A50: 48 | B50: Arizona | C50: 1.8886351 | D50: {=VLOOKUP($B50,'Matrix Output'!$A1:$EJ137,140,FALSE)} -> 1.8886351
A51: 49 | B51: UTSA | C51: 1.8022615 | D51: {=VLOOKUP($B51,'Matrix Output'!$A1:$EJ137,140,FALSE)} -> 1.8022615
A52: 50 | B52: New Mexico | C52: 1.6767028 | D52: {=VLOOKUP($B52,'Matrix Output'!$A1:$EJ137,140,FALSE)} -> 1.6767028
A53: 51 | B53: Memphis | C53: 1.6196825 | D53: {=VLOOKUP($B53,'Matrix Output'!$A1:$EJ137,140,FALSE)} -> 1.6196825
A54: 52 | B54: BYU | C54: 1.6062412 | D54: {=VLOOKUP($B54,'Matrix Output'!$A1:$EJ137,140,FALSE)} -> 1.6062412
A55: 53 | B55: Kentucky | C55: 1.6046713 | D55: {=VLOOKUP($B55,'Matrix Output'!$A1:$EJ137,140,FALSE)} -> 1.6046713
A56: 54 | B56: Cincinnati | C56: 1.4600486 | D56: {=VLOOKUP($B56,'Matrix Output'!$A1:$EJ137,140,FALSE)} -> 1.4600486
A57: 55 | B57: W Michigan | C57: 1.3559851 | D57: {=VLOOKUP($B57,'Matrix Output'!$A1:$EJ137,140,FALSE)} -> 1.3559851
A58: 56 | B58: Wake Forest | C58: 1.1853054 | D58: {=VLOOKUP($B58,'Matrix Output'!$A1:$EJ137,140,FALSE)} -> 1.1853054
A59: 57 | B59: Indiana | C59: 0.75991913 | D59: {=VLOOKUP($B59,'Matrix Output'!$A1:$EJ137,140,FALSE)} -> 0.75991913
A60: 58 | B60: Boise St | C60: 0.66379484 | D60: {=VLOOKUP($B60,'Matrix Output'!$A1:$EJ137,140,FALSE)} -> 0.66379484
A61: 59 | B61: NC State | C61: 0.59579452 | D61: {=VLOOKUP($B61,'Matrix Output'!$A1:$EJ137,140,FALSE)} -> 0.59579452
A62: 60 | B62: S Florida | C62: 0.58617659 | D62: {=VLOOKUP($B62,'Matrix Output'!$A1:$EJ137,140,FALSE)} -> 0.58617659
A63: 61 | B63: Maryland | C63: 0.52439596 | D63: {=VLOOKUP($B63,'Matrix Output'!$A1:$EJ137,140,FALSE)} -> 0.52439596
A64: 62 | B64: UConn | C64: 0.2952101 | D64: {=VLOOKUP($B64,'Matrix Output'!$A1:$EJ137,140,FALSE)} -> 0.2952101
A65: 63 | B65: Kansas St | C65: 0.27567816 | D65: {=VLOOKUP($B65,'Matrix Output'!$A1:$EJ137,140,FALSE)} -> 0.27567816
A66: 64 | B66: E Carolina | C66: 0.24863859 | D66: {=VLOOKUP($B66,'Matrix Output'!$A1:$EJ137,140,FALSE)} -> 0.24863859
A67: 65 | B67: UNLV | C67: 0.20014219 | D67: {=VLOOKUP($B67,'Matrix Output'!$A1:$EJ137,140,FALSE)} -> 0.20014219
A68: 66 | B68: Old Dominion | C68: 0.14360151 | D68: {=VLOOKUP($B68,'Matrix Output'!$A1:$EJ137,140,FALSE)} -> 0.14360151
A69: 67 | B69: California | C69: 0.018556443 | D69: {=VLOOKUP($B69,'Matrix Output'!$A1:$EJ137,140,FALSE)} -> 0.018556443
A70: 68 | B70: UCLA | C70: -0.11442308 | D70: {=VLOOKUP($B70,'Matrix Output'!$A1:$EJ137,140,FALSE)} -> -0.11442308
A71: 69 | B71: Stanford | C71: -0.42667334 | D71: {=VLOOKUP($B71,'Matrix Output'!$A1:$EJ137,140,FALSE)} -> -0.42667334
A72: 70 | B72: Boston College | C72: -0.46501956 | D72: {=VLOOKUP($B72,'Matrix Output'!$A1:$EJ137,140,FALSE)} -> -0.46501956
A73: 71 | B73: Army | C73: -0.47110028 | D73: {=VLOOKUP($B73,'Matrix Output'!$A1:$EJ137,140,FALSE)} -> -0.47110028
A74: 72 | B74: Georgia So | C74: -0.53831982 | D74: {=VLOOKUP($B74,'Matrix Output'!$A1:$EJ137,140,FALSE)} -> -0.53831982
A75: 73 | B75: Arkansas | C75: -0.54225691 | D75: {=VLOOKUP($B75,'Matrix Output'!$A1:$EJ137,140,FALSE)} -> -0.54225691
A76: 74 | B76: Texas St | C76: -0.77221082 | D76: {=VLOOKUP($B76,'Matrix Output'!$A1:$EJ137,140,FALSE)} -> -0.77221082
A77: 75 | B77: North Carolina | C77: -0.8363601 | D77: {=VLOOKUP($B77,'Matrix Output'!$A1:$EJ137,140,FALSE)} -> -0.8363601
A78: 76 | B78: Michigan St | C78: -0.84768132 | D78: {=VLOOKUP($B78,'Matrix Output'!$A1:$EJ137,140,FALSE)} -> -0.84768132
A79: 77 | B79: Minnesota | C79: -0.88177363 | D79: {=VLOOKUP($B79,'Matrix Output'!$A1:$EJ137,140,FALSE)} -> -0.88177363
A80: 78 | B80: Virginia Tech | C80: -1.0128108 | D80: {=VLOOKUP($B80,'Matrix Output'!$A1:$EJ137,140,FALSE)} -> -1.0128108
A81: 79 | B81: Ohio | C81: -1.0422675 | D81: {=VLOOKUP($B81,'Matrix Output'!$A1:$EJ137,140,FALSE)} -> -1.0422675
A82: 80 | B82: Marshall | C82: -1.0455592 | D82: {=VLOOKUP($B82,'Matrix Output'!$A1:$EJ137,140,FALSE)} -> -1.0455592
A83: 81 | B83: Northwestern | C83: -1.1695043 | D83: {=VLOOKUP($B83,'Matrix Output'!$A1:$EJ137,140,FALSE)} -> -1.1695043
A84: 82 | B84: Air Force | C84: -1.1696052 | D84: {=VLOOKUP($B84,'Matrix Output'!$A1:$EJ137,140,FALSE)} -> -1.1696052
A85: 83 | B85: Miami OH | C85: -1.2087139 | D85: {=VLOOKUP($B85,'Matrix Output'!$A1:$EJ137,140,FALSE)} -> -1.2087139
A86: 84 | B86: Louisiana Tech | C86: -1.3595623 | D86: {=VLOOKUP($B86,'Matrix Output'!$A1:$EJ137,140,FALSE)} -> -1.3595623
A87: 85 | B87: Rutgers | C87: -1.4658734 | D87: {=VLOOKUP($B87,'Matrix Output'!$A1:$EJ137,140,FALSE)} -> -1.4658734
A88: 86 | B88: Liberty | C88: -1.6259891 | D88: {=VLOOKUP($B88,'Matrix Output'!$A1:$EJ137,140,FALSE)} -> -1.6259891
A89: 87 | B89: Purdue | C89: -1.8691534 | D89: {=VLOOKUP($B89,'Matrix Output'!$A1:$EJ137,140,FALSE)} -> -1.8691534
A90: 88 | B90: E Michigan | C90: -1.8705117 | D90: {=VLOOKUP($B90,'Matrix Output'!$A1:$EJ137,140,FALSE)} -> -1.8705117
A91: 89 | B91: Washington St | C91: -1.8935785 | D91: {=VLOOKUP($B91,'Matrix Output'!$A1:$EJ137,140,FALSE)} -> -1.8935785
A92: 90 | B92: Louisiana | C92: -1.9127242 | D92: {=VLOOKUP($B92,'Matrix Output'!$A1:$EJ137,140,FALSE)} -> -1.9127242
A93: 91 | B93: Colorado | C93: -1.9231974 | D93: {=VLOOKUP($B93,'Matrix Output'!$A1:$EJ137,140,FALSE)} -> -1.9231974
A94: 92 | B94: W Kentucky | C94: -1.9298534 | D94: {=VLOOKUP($B94,'Matrix Output'!$A1:$EJ137,140,FALSE)} -> -1.9298534
A95: 93 | B95: Hawai'i | C95: -2.0501371 | D95: {=VLOOKUP($B95,'Matrix Output'!$A1:$EJ137,140,FALSE)} -> -2.0501371
A96: 94 | B96: Tulsa | C96: -2.148185 | D96: {=VLOOKUP($B96,'Matrix Output'!$A1:$EJ137,140,FALSE)} -> -2.148185
A97: 95 | B97: UTEP | C97: -2.1778118 | D97: {=VLOOKUP($B97,'Matrix Output'!$A1:$EJ137,140,FALSE)} -> -2.1778118
A98: 96 | B98: UCF | C98: -2.2314515 | D98: {=VLOOKUP($B98,'Matrix Output'!$A1:$EJ137,140,FALSE)} -> -2.2314515
A99: 97 | B99: Arkansas St | C99: -2.493831 | D99: {=VLOOKUP($B99,'Matrix Output'!$A1:$EJ137,140,FALSE)} -> -2.493831
A100: 98 | B100: Baylor | C100: -2.5388567 | D100: {=VLOOKUP($B100,'Matrix Output'!$A1:$EJ137,140,FALSE)} -> -2.5388567
...

Sheet Matrix Output
B1: Air Force | C1: Akron | D1: Alabama | E1: App State | F1: Arizona St | G1: Arizona | H1: Arkansas St | I1: Arkansas | J1: Army | K1: Auburn | L1: BYU | M1: Ball St | N1: Baylor | O1: Boise St | P1: Boston College | Q1: Bowling Green | R1: Buffalo | S1: C Michigan | T1: California | U1: Charlotte | V1: Cincinnati | W1: Clemson | X1: Coastal Car | Y1: Colorado St | Z1: Colorado | AA1: Delaware | AB1: Duke | AC1: E Carolina | AD1: E Michigan | AE1: Florida Atlantic | AF1: Florida Intl | AG1: Florida St | AH1: Florida | AI1: Fresno St | AJ1: Georgia So | AK1: Georgia St | AL1: Georgia Tech | AM1: Georgia | AN1: Hawai'i | AO1: Houston | AP1: Illinois | AQ1: Indiana | AR1: Iowa St | AS1: Iowa | AT1: J Madison | AU1: Jacksonville St | AV1: Kansas St | AW1: Kansas | AX1: Kennesaw St | AY1: Kent St | AZ1: Kentucky | BA1: LSU | BB1: Liberty | BC1: Louisiana Tech | BD1: Louisiana | BE1: Louisville | BF1: Marshall | BG1: Maryland | BH1: Memphis | BI1: Miami OH | BJ1: Miami | BK1: Michigan St | BL1: Michigan | BM1: Middle Tenn | BN1: Minnesota | BO1: Mississippi St | BP1: Mississippi | BQ1: Missouri St | BR1: Missouri | BS1: N Illinois | BT1: N Texas | BU1: NC State | BV1: Navy | BW1: Nebraska | BX1: Nevada | BY1: New Mexico St | BZ1: New Mexico | CA1: North Carolina | CB1: Northwestern | CC1: Notre Dame | CD1: Ohio St | CE1: Ohio | CF1: Oklahoma St | CG1: Oklahoma | CH1: Old Dominion | CI1: Oregon St | CJ1: Oregon | CK1: Penn St | CL1: Pittsburgh | CM1: Purdue | CN1: Rice | CO1: Rutgers | CP1: S Alabama | CQ1: S Florida | CR1: SMU | CS1: Sam Houston | CT1: San Diego St | CU1: San Jose St | CV1: South Carolina | CW1: Southern Miss | CX1: Stanford | CY1: Syracuse | CZ1: TCU | DA1: Temple | DB1: Tennessee | DC1: Texas A&M | DD1: Texas St | DE1: Texas Tech | DF1: Texas | DG1: Toledo | DH1: Troy | DI1: Tulane | DJ1: Tulsa | DK1: UAB | DL1: UCF | DM1: UCLA | DN1: UConn | DO1: UL Monroe | DP1: UMass | DQ1: UNLV | DR1: USC | DS1: UTEP | DT1: UTSA | DU1: Utah St | DV1: Utah | DW1: Vanderbilt | DX1: Virginia Tech | DY1: Virginia | DZ1: W Kentucky | EA1: W Michigan | EB1: Wake Forest | EC1: Washington St | ED1: Washington | EE1: West Virginia | EF1: Wisconsin | EG1: Wyoming | EH1: Adjusted Win Total | EI1: Avg Opponent Rating | EJ1: Final Rating
A2: Air Force | B2: 0 | C2: 0 | D2: 0 | E2: 0 | F2: 0 | G2: 0 | H2: 0 | I2: 0 | J2: 0 | K2: 0 | L2: 0 | M2: 0.875 | N2: 0 | O2: 0 | P2: 0 | Q2: 0 | R2: 0 | S2: 0 | T2: 0 | U2: 0 | V2: 0 | W2: 0 | X2: 0 | Y2: 0 | Z2: 0 | AA2: 0 | AB2: 0 | AC2: 0 | AD2: 0 | AE2: 0 | AF2: 0 | AG2: 0 | AH2: 0 | AI2: 0 | AJ2: 0 | AK2: 0 | AL2: 0 | AM2: 0 | AN2: 0 | AO2: 0 | AP2: 0 | AQ2: 0 | AR2: 0 | AS2: 0 | AT2: 0 | AU2: 0 | AV2: 0 | AW2: 0 | AX2: 0 | AY2: 0 | AZ2: 0 | BA2: 0 | BB2: 0 | BC2: 0 | BD2: 1.125 | BE2: 0 | BF2: 0 | BG2: 0 | BH2: 0 | BI2: 0 | BJ2: 0 | BK2: 0 | BL2: 0 | BM2: 0 | BN2: 0 | BO2: 0 | BP2: 0 | BQ2: 0 | BR2: 0 | BS2: 0 | BT2: 0 | BU2: 0 | BV2: 0 | BW2: 0 | BX2: 0 | BY2: 0 | BZ2: 0 | CA2: 0 | CB2: -0.875 | CC2: -0.875 | CD2: 0 | CE2: 0 | CF2: 0 | CG2: 0 | CH2: 0 | CI2: 1.125 | CJ2: 0 | CK2: 0 | CL2: 0 | CM2: 0 | CN2: 0 | CO2: 0 | CP2: 0 | CQ2: 0 | CR2: 0 | CS2: 0 | CT2: 0 | CU2: 0 | CV2: 0 | CW2: 0 | CX2: 0 | CY2: 0 | CZ2: -1.125 | DA2: 0 | DB2: 0 | DC2: 0 | DD2: -0.875 | DE2: 0 | DF2: 0 | DG2: 0 | DH2: 0 | DI2: 0 | DJ2: 0 | DK2: 0 | DL2: 0 | DM2: 0 | DN2: 0 | DO2: 0 | DP2: 0 | DQ2: 0 | DR2: 0 | DS2: 0 | DT2: 0 | DU2: 0 | DV2: 0 | DW2: 0 | DX2: 0 | DY2: 0 | DZ2: 0 | EA2: 0 | EB2: 0 | EC2: 0 | ED2: 0 | EE2: 0 | EF2: 0 | EG2: 0 | EH2: -0.625 | EI2: {=VLOOKUP(A2,'Opponent List'!$A1:$P137,16,FALSE)} -> -0.54460187 | EJ2: -1.1696052
A3: Akron | B3: 0 | C3: 0 | D3: 0 | E3: 0 | F3: 0 | G3: 0 | H3: 0 | I3: 0 | J3: 0 | K3: 0 | L3: 0 | M3: 0 | N3: 0 | O3: 0 | P3: 0 | Q3: 0 | R3: 0 | S3: 0 | T3: 0 | U3: 0 | V3: 0 | W3: 0 | X3: 0 | Y3: 0 | Z3: 0 | AA3: 0 | AB3: 0 | AC3: 0 | AD3: 0 | AE3: 0 | AF3: 0 | AG3: 0 | AH3: 0 | AI3: 0 | AJ3: 0 | AK3: 0 | AL3: 0 | AM3: 0 | AN3: 0 | AO3: 0 | AP3: 0 | AQ3: 0 | AR3: 0 | AS3: -1.125 | AT3: 0 | AU3: 0 | AV3: 0 | AW3: 0 | AX3: 0 | AY3: 0 | AZ3: 0 | BA3: 0 | BB3: 0 | BC3: 0 | BD3: 0 | BE3: 0 | BF3: 0 | BG3: 0 | BH3: 0 | BI3: 0.875 | BJ3: 0 | BK3: 0 | BL3: 0 | BM3: 0 | BN3: 0 | BO3: 0 | BP3: 0 | BQ3: 0 | BR3: 0 | BS3: 0 | BT3: 0 | BU3: 0 | BV3: 0 | BW3: 0 | BX3: 0 | BY3: 0 | BZ3: 0 | CA3: 0 | CB3: 0 | CC3: 0 | CD3: 0 | CE3: -1.125 | CF3: 0 | CG3: 0 | CH3: 0 | CI3: 0 | CJ3: 0 | CK3: 0 | CL3: 0 | CM3: 0 | CN3: 0 | CO3: 0 | CP3: 0 | CQ3: 0 | CR3: 0 | CS3: 0 | CT3: 0 | CU3: 0 | CV3: 0 | CW3: 0 | CX3: 0 | CY3: 0 | CZ3: 0 | DA3: 0 | DB3: 0 | DC3: -1.125 | DD3: 0 | DE3: 0 | DF3: 0 | DG3: 0 | DH3: 0 | DI3: 0 | DJ3: 0 | DK3: 0 | DL3: 0 | DM3: 0 | DN3: 0 | DO3: 0 | DP3: 0 | DQ3: 0 | DR3: 0 | DS3: -1.125 | DT3: 0 | DU3: 0 | DV3: 0 | DW3: 0 | DX3: 0 | DY3: 0 | DZ3: 0 | EA3: 0 | EB3: 0 | EC3: -0.875 | ED3: 0 | EE3: 0 | EF3: 0 | EG3: -0.875 | EH3: -5.375 | EI3: {=VLOOKUP(A3,'Opponent List'!$A1:$P137,16,FALSE)} -> -0.57090071 | EJ3: -5.9460984
A4: Alabama | B4: 0 | C4: 0 | D4: 0 | E4: 0 | F4: 0 | G4: 0 | H4: 0 | I4: 0 | J4: 0 | K4: 0 | L4: 0 | M4: 0.875 | N4: 0 | O4: 0 | P4: 0 | Q4: 0 | R4: 0 | S4: 0 | T4: 0 | U4: 0 | V4: 0 | W4: 0 | X4: 0 | Y4: 0 | Z4: 0 | AA4: 0 | AB4: 0 | AC4: 0 | AD4: 0 | AE4: 0 | AF4: 0 | AG4: 0 | AH4: 0 | AI4: 0 | AJ4: 0 | AK4: 0 | AL4: 0 | AM4: 0 | AN4: 0 | AO4: 0 | AP4: 0 | AQ4: 0 | AR4: 0 | AS4: 0 | AT4: 0.875 | AU4: 0 | AV4: 0 | AW4: 0 | AX4: 0 | AY4: 0 | AZ4: 0 | BA4: 0 | BB4: 0 | BC4: 1.125 | BD4: 0 | BE4: 0.875 | BF4: 0 | BG4: 0 | BH4: 0 | BI4: 0 | BJ4: 0 | BK4: 0 | BL4: 0 | BM4: 0 | BN4: 0 | BO4: 0 | BP4: 0 | BQ4: 0 | BR4: 0 | BS4: 0 | BT4: 0 | BU4: 0 | BV4: 0 | BW4: 0 | BX4: 0 | BY4: 0 | BZ4: 0 | CA4: 0 | CB4: 0 | CC4: 0 | CD4: 0 | CE4: 0 | CF4: 0 | CG4: 0 | CH4: 0.875 | CI4: 0 | CJ4: -0.875 | CK4: 0 | CL4: 0 | CM4: 0 | CN4: 0 | CO4: 0 | CP4: 0 | CQ4: 0 | CR4: 0 | CS4: 0 | CT4: 0 | CU4: 0 | CV4: 0 | CW4: 0 | CX4: 0 | CY4: 0 | CZ4: 0 | DA4: 0 | DB4: 0 | DC4: 0 | DD4: 0 | DE4: 0 | DF4: 0 | DG4: 0 | DH4: 0 | DI4: 0 | DJ4: 0 | DK4: 0 | DL4: 0 | DM4: 0 | DN4: 0 | DO4: 0 | DP4: 0 | DQ4: 0 | DR4: 0 | DS4: 0 | DT4: 0 | DU4: 0 | DV4: 0.875 | DW4: 0 | DX4: 0 | DY4: 0 | DZ4: 0 | EA4: 0 | EB4: 0 | EC4: 0 | ED4: 0 | EE4: 0 | EF4: 0 | EG4: 0 | EH4: 4.625 | EI4: {=VLOOKUP(A4,'Opponent List'!$A1:$P137,16,FALSE)} -> 0.60355346 | EJ4: 5.2283042
A5: App State | B5: 0 | C5: 0 | D5: 0 | E5: 0 | F5: 0 | G5: 0 | H5: 0 | I5: 0 | J5: 0 | K5: 0 | L5: 0 | M5: 0 | N5: -1.125 | O5: 0 | P5: 0 | Q5: 0 | R5: 0 | S5: 0 | T5: 0 | U5: 0 | V5: 0 | W5: 0 | X5: 0 | Y5: 0 | Z5: 0 | AA5: 0 | AB5: 1.125 | AC5: 0 | AD5: 0 | AE5: 0 | AF5: -1.125 | AG5: 0 | AH5: 0 | AI5: 0 | AJ5: 0 | AK5: 0 | AL5: 0 | AM5: 0 | AN5: 0 | AO5: 0 | AP5: 0 | AQ5: 0 | AR5: 0 | AS5: 0 | AT5: 0 | AU5: 0 | AV5: 0 | AW5: 0 | AX5: 0 | AY5: 0 | AZ5: -0.875 | BA5: 0 | BB5: 0 | BC5: -0.875 | BD5: 0 | BE5: 0 | BF5: 0 | BG5: 0 | BH5: 0 | BI5: 0 | BJ5: 0 | BK5: 0 | BL5: 0 | BM5: 0 | BN5: 0 | BO5: 0 | BP5: 0 | BQ5: 0 | BR5: 0 | BS5: 0 | BT5: 0 | BU5: 0 | BV5: 0 | BW5: 0 | BX5: 0 | BY5: 0 | BZ5: -0.875 | CA5: 0 | CB5: 0 | CC5: 0 | CD5: 0 | CE5: 0 | CF5: 0 | CG5: 0 | CH5: 0 | CI5: 0 | CJ5: 0 | CK5: 0 | CL5: 0 | CM5: 0 | CN5: 0 | CO5: 0 | CP5: 0 | CQ5: 0 | CR5: 0 | CS5: 0 | CT5: 0 | CU5: 0 | CV5: 0 | CW5: 0 | CX5: 0 | CY5: 0 | CZ5: 0 | DA5: 0 | DB5: 0 | DC5: 0 | DD5: 0 | DE5: 0 | DF5: 0 | DG5: 0 | DH5: 0 | DI5: 0 | DJ5: 0 | DK5: 0 | DL5: 0 | DM5: 0 | DN5: 0 | DO5: 0 | DP5: 0 | DQ5: 0 | DR5: 0 | DS5: 0 | DT5: 0 | DU5: 0 | DV5: 0 | DW5: -0.875 | DX5: 0 | DY5: 0 | DZ5: 0 | EA5: 0 | EB5: 0 | EC5: 0 | ED5: 0 | EE5: 0 | EF5: 0 | EG5: 0 | EH5: -4.625 | EI5: {=VLOOKUP(A5,'Opponent List'!$A1:$P137,16,FALSE)} -> 0.50981926 | EJ5: -4.1152425
A6: Arizona St | B6: 0 | C6: 0 | D6: 0 | E6: 0 | F6: 0 | G6: 0 | H6: 0 | I6: 0 | J6: 0 | K6: 0 | L6: 0 | M6: 0 | N6: 1.125 | O6: 0 | P6: 0 | Q6: 0 | R6: 0 | S6: 0 | T6: 0 | U6: 0 | V6: 0 | W6: 0 | X6: 0 | Y6: 0 | Z6: 0 | AA6: 0 | AB6: 0 | AC6: 0 | AD6: 0 | AE6: 0 | AF6: 0 | AG6: 0 | AH6: 0 | AI6: 0 | AJ6: 0 | AK6: 0 | AL6: 0 | AM6: -1.125 | AN6: 0 | AO6: 0 | AP6: 0 | AQ6: 0 | AR6: 0 | AS6: 0 | AT6: 0 | AU6: 0 | AV6: 0 | AW6: 0 | AX6: 0 | AY6: 0 | AZ6: 0 | BA6: 0 | BB6: 0 | BC6: 0 | BD6: 0 | BE6: 0 | BF6: 0 | BG6: 0 | BH6: 0 | BI6: 0 | BJ6: 0 | BK6: 0 | BL6: 0 | BM6: 0 | BN6: 0 | BO6: 0 | BP6: -1.125 | BQ6: 0 | BR6: 0 | BS6: 0 | BT6: 0 | BU6: 0 | BV6: 0 | BW6: 0 | BX6: 0 | BY6: 0 | BZ6: 0 | CA6: 0 | CB6: 0 | CC6: 0 | CD6: 0 | CE6: 0 | CF6: 0 | CG6: 0 | CH6: -0.875 | CI6: 0 | CJ6: 0 | CK6: 0 | CL6: 0 | CM6: 0 | CN6: 0 | CO6: 0 | CP6: 0 | CQ6: 0 | CR6: 0 | CS6: 0 | CT6: 0 | CU6: 0 | CV6: 0 | CW6: 0 | CX6: 1.125 | CY6: 1.125 | CZ6: 0 | DA6: 0 | DB6: 0.875 | DC6: 0 | DD6: 0 | DE6: 0 | DF6: 0 | DG6: 0 | DH6: 0 | DI6: 0 | DJ6: 0 | DK6: 0 | DL6: 0 | DM6: 0 | DN6: 0 | DO6: 0 | DP6: 0 | DQ6: 0 | DR6: 0 | DS6: 0 | DT6: 0 | DU6: 0 | DV6: 0 | DW6: 0 | DX6: 0 | DY6: 0 | DZ6: 0 | EA6: 0 | EB6: 0 | EC6: 0 | ED6: 0 | EE6: 0 | EF6: 0 | EG6: 0 | EH6: 1.125 | EI6: {=VLOOKUP(A6,'Opponent List'!$A1:$P137,16,FALSE)} -> 1.1198859 | EJ6: 2.2448529
A7: Arizona | B7: 0 | C7: 0 | D7: 0 | E7: 0 | F7: 0 | G7: 0 | H7: 0 | I7: 0 | J7: 0 | K7: 0 | L7: 0 | M7: 0 | N7: 0 | O7: 0 | P7: 0 | Q7: 0 | R7: 0 | S7: 0 | T7: 0 | U7: 0 | V7: 0 | W7: 0 | X7: 0 | Y7: 0 | Z7: 0 | AA7: 0 | AB7: 0 | AC7: 0 | AD7: 0 | AE7: 0 | AF7: 0 | AG7: 0 | AH7: 0 | AI7: 0 | AJ7: 0 | AK7: 0 | AL7: -0.875 | AM7: 0 | AN7: 0.875 | AO7: 0 | AP7: 0 | AQ7: 0 | AR7: 0 | AS7: 0 | AT7: 0 | AU7: 0 | AV7: 0 | AW7: 0 | AX7: 0 | AY7: 0 | AZ7: 0 | BA7: 0 | BB7: 0 | BC7: 0 | BD7: 0 | BE7: 0 | BF7: 0 | BG7: 0 | BH7: 0 | BI7: 0 | BJ7: 0 | BK7: 0 | BL7: 0 | BM7: 0 | BN7: 0 | BO7: 0 | BP7: 0 | BQ7: 0 | BR7: 0 | BS7: 0 | BT7: 0 | BU7: 0 | BV7: 0 | BW7: 0 | BX7: 0 | BY7: 1.125 | BZ7: 0 | CA7: 0 | CB7: 0 | CC7: -0.875 | CD7: 0 | CE7: 0 | CF7: 0 | CG7: 0 | CH7: 0 | CI7: 0 | CJ7: 0 | CK7: 0 | CL7: -0.875 | CM7: 0 | CN7: 0 | CO7: 0 | CP7: 0 | CQ7: 0 | CR7: 0 | CS7: 0 | CT7: 0 | CU7: 0 | CV7: 0 | CW7: 0 | CX7: 0 | CY7: 0 | CZ7: 0 | DA7: 0 | DB7: 0 | DC7: 0 | DD7: 0 | DE7: 0 | DF7: 0 | DG7: -0.875 | DH7: 0 | DI7: 0 | DJ7: 0 | DK7: 0 | DL7: 0 | DM7: 0 | DN7: 0 | DO7: 0 | DP7: 0 | DQ7: 0 | DR7: 0 | DS7: 0 | DT7: 0 | DU7: 0 | DV7: 0 | DW7: 0.875 | DX7: 0 | DY7: 0 | DZ7: 0 | EA7: 0 | EB7: 0 | EC7: 0 | ED7: 0 | EE7: 0 | EF7: 0 | EG7: 0 | EH7: -0.625 | EI7: {=VLOOKUP(A7,'Opponent List'!$A1:$P137,16,FALSE)} -> 2.5137127 | EJ7: 1.8886351
A8: Arkansas St | B8: 0 | C8: 0 | D8: 0 | E8: 0 | F8: 0 | G8: 0 | H8: 0 | I8: 0 | J8: 0 | K8: 0 | L8: -0.875 | M8: 0 | N8: 0 | O8: 0 | P8: 0 | Q8: 0 | R8: 0 | S8: 0 | T8: 0 | U8: 0 | V8: 0 | W8: 0 | X8: 0 | Y8: 0 | Z8: 0 | AA8: 0 | AB8: -0.875 | AC8: 0 | AD8: 0 | AE8: 0 | AF8: 0 | AG8: 0 | AH8: 0 | AI8: 0 | AJ8: 0 | AK8: 0 | AL8: 0 | AM8: 0 | AN8: 0 | AO8: 0 | AP8: 0 | AQ8: 0 | AR8: 0 | AS8: 0 | AT8: 0 | AU8: 0 | AV8: 0 | AW8: 0 | AX8: 0 | AY8: 0 | AZ8: 0 | BA8: 0 | BB8: 0 | BC8: 0 | BD8: 0 | BE8: 0 | BF8: 0 | BG8: 0 | BH8: 0 | BI8: 0 | BJ8: -1.125 | BK8: 0 | BL8: -0.875 | BM8: 0 | BN8: 0 | BO8: 0 | BP8: 0 | BQ8: 0 | BR8: -0.875 | BS8: 0 | BT8: 0 | BU8: 0 | BV8: 0 | BW8: 0 | BX8: 0 | BY8: 0 | BZ8: 0 | CA8: 0 | CB8: 0 | CC8: -1.125 | CD8: 0 | CE8: 0 | CF8: 0 | CG8: 0 | CH8: 0 | CI8: 0 | CJ8: 0 | CK8: 0 | CL8: 0 | CM8: 0 | CN8: 0 | CO8: 0 | CP8: 0 | CQ8: 0 | CR8: 0 | CS8: 0 | CT8: 0 | CU8: 0 | CV8: 0 | CW8: 0 | CX8: 0 | CY8: 0 | CZ8: 0 | DA8: 0 | DB8: 0 | DC8: 0 | DD8: 0 | DE8: 0 | DF8: 0 | DG8: 0 | DH8: 0 | DI8: 0 | DJ8: 0 | DK8: 0 | DL8: 0 | DM8: 0 | DN8: 0 | DO8: 0 | DP8: 0 | DQ8: 0 | DR8: 0 | DS8: 0 | DT8: 0 | DU8: 0 | DV8: 0 | DW8: 0 | DX8: 0 | DY8: 0 | DZ8: 0 | EA8: 0 | EB8: 0 | EC8: 0 | ED8: 0 | EE8: -0.875 | EF8: 0 | EG8: 0 | EH8: -6.625 | EI8: {=VLOOKUP(A8,'Opponent List'!$A1:$P137,16,FALSE)} -> 4.1312668 | EJ8: -2.493831
A9: Arkansas | B9: 0 | C9: 0 | D9: 0 | E9: 0 | F9: 0 | G9: 0 | H9: 0 | I9: 0 | J9: 0 | K9: 0 | L9: 0 | M9: 0 | N9: 0 | O9: 0 | P9: 0 | Q9: 0 | R9: 0 | S9: 0 | T9: 0 | U9: 0 | V9: 0 | W9: 0 | X9: 0 | Y9: 0 | Z9: 0 | AA9: 0 | AB9: 0 | AC9: 0 | AD9: 0 | AE9: 0 | AF9: 0 | AG9: 0 | AH9: 0 | AI9: 0 | AJ9: 0 | AK9: 0 | AL9: 0 | AM9: 0 | AN9: 1.125 | AO9: 0 | AP9: 0 | AQ9: 1.125 | AR9: 0 | AS9: 0 | AT9: 0 | AU9: 0 | AV9: 0 | AW9: 0 | AX9: 0.25 | AY9: 0 | AZ9: 0 | BA9: 0 | BB9: 0 | BC9: 0 | BD9: 0 | BE9: 0 | BF9: 0 | BG9: 0 | BH9: 0 | BI9: 0 | BJ9: 0 | BK9: 0 | BL9: 0 | BM9: 0 | BN9: 0 | BO9: 0 | BP9: 0 | BQ9: 0 | BR9: 0 | BS9: 0 | BT9: 0 | BU9: 0 | BV9: 0 | BW9: 0 | BX9: 0 | BY9: 0 | BZ9: 0 | CA9: 0 | CB9: 0 | CC9: 0 | CD9: 0 | CE9: 0 | CF9: 0 | CG9: 0 | CH9: 0 | CI9: 0 | CJ9: 0 | CK9: 0 | CL9: -1.125 | CM9: 0 | CN9: 0 | CO9: 0 | CP9: 0 | CQ9: 0 | CR9: 0 | CS9: 1.125 | CT9: 0 | CU9: 0 | CV9: 0 | CW9: 0 | CX9: 0 | CY9: 0 | CZ9: 0 | DA9: 0 | DB9: 0 | DC9: 0 | DD9: -1.125 | DE9: 0 | DF9: 0 | DG9: 0 | DH9: 0 | DI9: 0 | DJ9: 0 | DK9: 0 | DL9: 0 | DM9: 0 | DN9: 0 | DO9: 0 | DP9: 0 | DQ9: 0 | DR9: 0 | DS9: 0 | DT9: 0 | DU9: 0 | DV9: 0 | DW9: 0 | DX9: 0 | DY9: 0 | DZ9: 0 | EA9: 0 | EB9: 0 | EC9: 0 | ED9: 0 | EE9: 0 | EF9: 0 | EG9: 0 | EH9: 1.375 | EI9: {=VLOOKUP(A9,'Opponent List'!$A1:$P137,16,FALSE)} -> -1.9174556 | EJ9: -0.54225691
A10: Army | B10: 0 | C10: 0 | D10: 0 | E10: 0 | F10: 0 | G10: 0 | H10: 0 | I10: 0 | J10: 0 | K10: 0 | L10: 0 | M10: 0.875 | N10: 0 | O10: 0 | P10: 0 | Q10: 0.875 | R10: 0 | S10: 0 | T10: 0 | U10: 0 | V10: 0 | W10: 0 | X10: 0 | Y10: 0 | Z10: 0 | AA10: 0 | AB10: 0 | AC10: 0 | AD10: 0 | AE10: 0 | AF10: 0 | AG10: 0 | AH10: 0 | AI10: 0 | AJ10: 0 | AK10: 0 | AL10: 0 | AM10: 0 | AN10: 0 | AO10: 0 | AP10: -0.875 | AQ10: 0 | AR10: 0 | AS10: 0 | AT10: 0 | AU10: 0 | AV10: 0 | AW10: 0 | AX10: 0 | AY10: 0 | AZ10: 0 | BA10: 0 | BB10: 0 | BC10: 0 | BD10: 0 | BE10: 0 | BF10: 0 | BG10: 1.125 | BH10: 0 | BI10: 0 | BJ10: 0 | BK10: 0 | BL10: 0 | BM10: 0 | BN10: 0 | BO10: 0 | BP10: 0 | BQ10: 0 | BR10: 0 | BS10: 0 | BT10: 0 | BU10: 0 | BV10: 0 | BW10: 0 | BX10: 0 | BY10: 0 | BZ10: 0 | CA10: 0 | CB10: 0 | CC10: 0 | CD10: 0 | CE10: 0 | CF10: 0 | CG10: 0 | CH10: 0 | CI10: 0 | CJ10: 0 | CK10: 0 | CL10: 0 | CM10: 0 | CN10: 0 | CO10: 0 | CP10: 0 | CQ10: 0 | CR10: 0 | CS10: 0 | CT10: 0 | CU10: 0 | CV10: 0 | CW10: 0 | CX10: 0 | CY10: 0 | CZ10: -1.125 | DA10: 0 | DB10: 0 | DC10: -0.875 | DD10: 0 | DE10: 0 | DF10: 0 | DG10: 0 | DH10: 0 | DI10: 0 | DJ10: 0 | DK10: 0 | DL10: 0 | DM10: 0 | DN10: 0 | DO10: 0 | DP10: 1.125 | DQ10: 0 | DR10: 0 | DS10: 0 | DT10: 0 | DU10: 0 | DV10: 0 | DW10: 0 | DX10: 0 | DY10: 0 | DZ10: 0 | EA10: 0 | EB10: 0 | EC10: 0 | ED10: 0 | EE10: 0 | EF10: 0 | EG10: 0 | EH10: 1.125 | EI10: {=VLOOKUP(A10,'Opponent List'!$A1:$P137,16,FALSE)} -> -1.5958247 | EJ10: -0.47110028
A11: Auburn | B11: 0 | C11: 0 | D11: 0 | E11: 0 | F11: 0 | G11: 0 | H11: 0 | I11: 0 | J11: 0 | K11: 0 | L11: 0 | M11: 0 | N11: 0 | O11: 0 | P11: 0 | Q11: 0 | R11: 0 | S11: 0 | T11: 0 | U11: 0 | V11: 0 | W11: 0 | X11: 0 | Y11: 0.875 | Z11: 0 | AA11: 0 | AB11: 0 | AC11: 0 | AD11: 0 | AE11: 0 | AF11: 0 | AG11: 0 | AH11: 0 | AI11: 0 | AJ11: 0 | AK11: 0 | AL11: 0 | AM11: 0 | AN11: 0 | AO11: 0 | AP11: 0 | AQ11: 0 | AR11: 0 | AS11: 0 | AT11: 0 | AU11: 0 | AV11: 0 | AW11: 0 | AX11: 0 | AY11: 0 | AZ11: 0 | BA11: 0 | BB11: 0 | BC11: 0 | BD11: 0 | BE11: 0 | BF11: 0 | BG11: 0 | BH11: 0 | BI11: 0 | BJ11: 0 | BK11: 0 | BL11: 0 | BM11: 0 | BN11: 0 | BO11: 0 | BP11: 0 | BQ11: 0 | BR11: 0 | BS11: 0 | BT11: 0 | BU11: 0 | BV11: 0 | BW11: 0 | BX11: 0 | BY11: 0.875 | BZ11: 0 | CA11: 0 | CB11: 0 | CC11: 0 | CD11: 0 | CE11: 0 | CF11: 0 | CG11: 0 | CH11: 0 | CI11: 0 | CJ11: 0 | CK11: 0 | CL11: 0 | CM11: 0 | CN11: 0 | CO11: 0 | CP11: 0.875 | CQ11: 0 | CR11: 0 | CS11: 1.125 | CT11: 0 | CU11: 0 | CV11: 0 | CW11: 0 | CX11: 1.125 | CY11: 0 | CZ11: 0 | DA11: 0 | DB11: -1.125 | DC11: 0 | DD11: 0 | DE11: 0 | DF11: 0 | DG11: 0 | DH11: 0 | DI11: 0 | DJ11: 0 | DK11: 0 | DL11: 0 | DM11: 0 | DN11: 0 | DO11: 0 | DP11: 0 | DQ11: 0 | DR11: 0 | DS11: 0 | DT11: 0 | DU11: 0 | DV11: 0 | DW11: 0 | DX11: 0 | DY11: 0 | DZ11: 0.875 | EA11: 0 | EB11: 0 | EC11: 0 | ED11: 0 | EE11: 0 | EF11: 0 | EG11: 0 | EH11: 4.625 | EI11: {=VLOOKUP(A11,'Opponent List'!$A1:$P137,16,FALSE)} -> -2.0005158 | EJ11: 2.6245914
A12: BYU | B12: 0 | C12: 0 | D12: 0 | E12: 0 | F12: 0 | G12: 0 | H12: 0.875 | I12: 0 | J12: 0 | K12: 0 | L12: 0 | M12: 0 | N12: 0 | O12: 0 | P12: 0 | Q12: 0 | R12: 0 | S12: 0 | T12: 0 | U12: 0 | V12: 0 | W12: -0.875 | X12: 0 | Y12: 0 | Z12: 0 | AA12: 0 | AB12: 0 | AC12: 0 | AD12: 0 | AE12: 0 | AF12: 1.125 | AG12: 0 | AH12: 0 | AI12: 0 | AJ12: 0 | AK12: 0.875 | AL12: 0 | AM12: 0 | AN12: 0 | AO12: 0 | AP12: 0 | AQ12: 0 | AR12: 0 | AS12: 0 | AT12: 0 | AU12: 0 | AV12: 0 | AW12: 0 | AX12: 0 | AY12: 0.875 | AZ12: 0 | BA12: 0 | BB12: 0 | BC12: 0 | BD12: 0 | BE12: 0 | BF12: 0 | BG12: 0 | BH12: 0 | BI12: 0 | BJ12: 0 | BK12: 0 | BL12: 0 | BM12: 0 | BN12: 0 | BO12: 0 | BP12: 0 | BQ12: 0 | BR12: 0 | BS12: 0 | BT12: 0 | BU12: 0 | BV12: 0 | BW12: 0 | BX12: 0 | BY12: 0 | BZ12: 0 | CA12: 0 | CB12: 0 | CC12: -1.125 | CD12: 0 | CE12: 0 | CF12: 0 | CG12: 0 | CH12: 0 | CI12: 0 | CJ12: 0 | CK12: 0 | CL12: 0 | CM12: 0 | CN12: 0 | CO12: 0 | CP12: 0 | CQ12: 0 | CR12: 0 | CS12: 0 | CT12: 0 | CU12: 0 | CV12: 0 | CW12: 0 | CX12: 0 | CY12: 0 | CZ12: 0 | DA12: 0 | DB12: 0 | DC12: 0 | DD12: 0 | DE12: 0 | DF12: 0 | DG12: 0 | DH12: 0 | DI12: 0 | DJ12: 0 | DK12: 0 | DL12: 0 | DM12: 0 | DN12: 0 | DO12: 0 | DP12: 0 | DQ12: 0 | DR12: 0 | DS12: 0 | DT12: 0 | DU12: 0 | DV12: 0 | DW12: 0 | DX12: 0 | DY12: 0 | DZ12: 0.875 | EA12: 0 | EB12: 0 | EC12: 0 | ED12: 0 | EE12: 0 | EF12: 0 | EG12: 0 | EH12: 2.625 | EI12: {=VLOOKUP(A12,'Opponent List'!$A1:$P137,16,FALSE)} -> -1.0188957 | EJ12: 1.6062412
A13: Ball St | B13: -0.875 | C13: 0 | D13: -0.875 | E13: 0 | F13: 0 | G13: 0 | H13: 0 | I13: 0 | J13: -0.875 | K13: 0 | L13: 0 | M13: 0 | N13: 0 | O13: 0 | P13: 0 | Q13: -0.875 | R13: 0 | S13: 0 | T13: 0 | U13: 0 | V13: 0 | W13: 0 | X13: 0 | Y13: 0 | Z13: 0 | AA13: 0 | AB13: 0 | AC13: 0 | AD13: 0 | AE13: 0 | AF13: 0 | AG13: 0 | AH13: 0 | AI13: 0 | AJ13: 0 | AK13: 0 | AL13: 0 | AM13: 0 | AN13: 0 | AO13: 0 | AP13: 0 | AQ13: -1.125 | AR13: 0 | AS13: 0 | AT13: 0 | AU13: 0 | AV13: 0 | AW13: 0 | AX13: 0 | AY13: 0 | AZ13: 0 | BA13: 0 | BB13: 0 | BC13: 0 | BD13: 0 | BE13: 0 | BF13: 0 | BG13: 0 | BH13: 0 | BI13: 0 | BJ13: 0 | BK13: 0 | BL13: 0 | BM13: 0 | BN13: 0 | BO13: 0 | BP13: 0 | BQ13: 0 | BR13: 0 | BS13: 0 | BT13: 0 | BU13: 0 | BV13: 0 | BW13: 0 | BX13: 0 | BY13: 0 | BZ13: 0 | CA13: 0 | CB13: 0 | CC13: 0 | CD13: 0 | CE13: 0 | CF13: 0 | CG13: 0 | CH13: 0 | CI13: 0 | CJ13: 0 | CK13: 0 | CL13: 0 | CM13: 0 | CN13: 0 | CO13: 0 | CP13: 0 | CQ13: 0 | CR13: 0 | CS13: 0 | CT13: 0 | CU13: 0 | CV13: 0 | CW13: -0.875 | CX13: 0 | CY13: 0 | CZ13: 0 | DA13: 0 | DB13: 0 | DC13: 0 | DD13: 0 | DE13: 0 | DF13: 0 | DG13: 0 | DH13: 0 | DI13: 0 | DJ13: -1.125 | DK13: 0 | DL13: 0 | DM13: 0 | DN13: 0 | DO13: 0 | DP13: 0 | DQ13: 0 | DR13: 0 | DS13: 0 | DT13: 0 | DU13: 0 | DV13: 0 | DW13: 0 | DX13: 0 | DY13: 0 | DZ13: 0 | EA13: 0 | EB13: 0 | EC13: 0 | ED13: 0 | EE13: 0 | EF13: 0 | EG13: 0 | EH13: -6.625 | EI13: {=VLOOKUP(A13,'Opponent List'!$A1:$P137,16,FALSE)} -> -1.230697 | EJ13: -7.8554102
A14: Baylor | B14: 0 | C14: 0 | D14: 0 | E14: 1.125 | F14: -1.125 | G14: 0 | H14: 0 | I14: 0 | J14: 0 | K14: 0 | L14: 0 | M14: 0 | N14: 0 | O14: 0 | P14: 0 | Q14: 0 | R14: 0 | S14: 0 | T14: 0 | U14: 0 | V14: -0.875 | W14: 0 | X14: 0 | Y14: 0 | Z14: 0 | AA14: 0 | AB14: 0 | AC14: 0 | AD14: 0 | AE14: 0 | AF14: 0 | AG14: 0 | AH14: 0 | AI14: 0 | AJ14: 0 | AK14: 0 | AL14: 0 | AM14: 0 | AN14: 0 | AO14: 0 | AP14: 0 | AQ14: 0 | AR14: 0 | AS14: -0.875 | AT14: 0 | AU14: 0 | AV14: 0 | AW14: 0 | AX14: 0 | AY14: 0 | AZ14: 0 | BA14: 0 | BB14: 0 | BC14: 0 | BD14: 0 | BE14: 0 | BF14: 0 | BG14: 0 | BH14: 0 | BI14: 0 | BJ14: 0 | BK14: 0 | BL14: 0 | BM14: 0.875 | BN14: 0 | BO14: 0 | BP14: 0 | BQ14: 0 | BR14: 0 | BS14: 0 | BT14: 0 | BU14: 0 | BV14: 0 | BW14: 0 | BX14: 0 | BY14: 0 | BZ14: 0 | CA14: 0 | CB14: 0 | CC14: 0 | CD14: 0 | CE14: 0 | CF14: 0 | CG14: 0 | CH14: 0 | CI14: 0 | CJ14: 0 | CK14: 0 | CL14: 0 | CM14: -0.875 | CN14: 0 | CO14: 0 | CP14: 0 | CQ14: 0 | CR14: 0 | CS14: 0 | CT14: 0 | CU14: 0 | CV14: 0 | CW14: 0 | CX14: 0 | CY14: 0 | CZ14: 0 | DA14: 0 | DB14: 0 | DC14: 0 | DD14: 0 | DE14: 0 | DF14: 0 | DG14: 0 | DH14: 0 | DI14: 0 | DJ14: 0 | DK14: 0 | DL14: 0 | DM14: 0 | DN14: 0 | DO14: 0 | DP14: 0 | DQ14: 0 | DR14: 0 | DS14: 0 | DT14: 0 | DU14: 0 | DV14: 0 | DW14: 0 | DX14: 0 | DY14: 0 | DZ14: 0 | EA14: 0 | EB14: 0 | EC14: 0 | ED14: 0 | EE14: 0 | EF14: 0 | EG14: 0.875 | EH14: -0.875 | EI14: {=VLOOKUP(A14,'Opponent List'!$A1:$P137,16,FALSE)} -> -1.6638482 | EJ14: -2.5388567
A15: Boise St | B15: 0 | C15: 0 | D15: 0 | E15: 0 | F15: 0 | G15: 0 | H15: 0 | I15: 0 | J15: 0 | K15: 0 | L15: 0 | M15: 0 | N15: 0 | O15: 0 | P15: 0 | Q15: 0 | R15: 0 | S15: 0 | T15: 0 | U15: 0 | V15: 0 | W15: 0 | X15: 0 | Y15: 0 | Z15: 0 | AA15: 0 | AB15: 0 | AC15: 0 | AD15: 0 | AE15: 0 | AF15: 0 | AG15: 0 | AH15: 0 | AI15: 0 | AJ15: 0 | AK15: 0 | AL15: 0 | AM15: 0 | AN15: 0 | AO15: 0 | AP15: 0 | AQ15: 0 | AR15: 0 | AS15: 0 | AT15: 0 | AU15: 0 | AV15: 0 | AW15: 0 | AX15: 0 | AY15: 0 | AZ15: 0 | BA15: 0 | BB15: 0 | BC15: 0 | BD15: 0 | BE15: 0 | BF15: 0 | BG15: 0 | BH15: 0 | BI15: 0 | BJ15: 0 | BK15: 0 | BL15: 0 | BM15: 0 | BN15: 0 | BO15: 0 | BP15: 0 | BQ15: 0 | BR15: 0 | BS15: 0 | BT15: 0 | BU15: 0 | BV15: 0 | BW15: 0 | BX15: 0 | BY15: 0 | BZ15: 0 | CA15: -0.875 | CB15: 0 | CC15: 0 | CD15: 0 | CE15: 0 | CF15: 1.125 | CG15: 0 | CH15: 1.125 | CI15: 0 | CJ15: 0 | CK15: 0 | CL15: 0 | CM15: 0 | CN15: 0 | CO15: 0 | CP15: 0 | CQ15: 0 | CR15: 0 | CS15: 0 | CT15: 0 | CU15: 0 | CV15: 0 | CW15: 0 | CX15: 0 | CY15: 0 | CZ15: 0 | DA15: 0 | DB15: 0 | DC15: -1.125 | DD15: 0 | DE15: 0 | DF15: 0 | DG15: -1.125 | DH15: 0 | DI15: 0 | DJ15: 0 | DK15: 0 | DL15: 0 | DM15: 0 | DN15: 0 | DO15: 0 | DP15: 0 | DQ15: 0 | DR15: 0 | DS15: 0 | DT15: 0 | DU15: 0 | DV15: 0 | DW15: 0 | DX15: 0 | DY15: 0.875 | DZ15: 0 | EA15: 0 | EB15: 0 | EC15: 0 | ED15: 0 | EE15: -0.875 | EF15: 0 | EG15: 0 | EH15: -0.875 | EI15: {=VLOOKUP(A15,'Opponent List'!$A1:$P137,16,FALSE)} -> 1.538996 | EJ15: 0.66379484
A16: Boston College | B16: 0 | C16: 0 | D16: 0 | E16: 0 | F16: 0 | G16: 0 | H16: 0 | I16: 0 | J16: 0 | K16: 0 | L16: 0 | M16: 0 | N16: 0 | O16: 0 | P16: 0 | Q16: 0 | R16: 0 | S16: 0 | T16: 0 | U16: 0 | V16: 0 | W16: 0 | X16: 0 | Y16: 0 | Z16: 0 | AA16: 0 | AB16: 0 | AC16: 0 | AD16: 0 | AE16: 1.125 | AF16: 0 | AG16: 0 | AH16: 0 | AI16: 0 | AJ16: 0 | AK16: 0 | AL16: 0 | AM16: 0 | AN16: 0 | AO16: 0.875 | AP16: 0 | AQ16: 0 | AR16: 0 | AS16: 0 | AT16: 0 | AU16: 0 | AV16: 0 | AW16: 0 | AX16: 0 | AY16: 0 | AZ16: 0 | BA16: 0 | BB16: 0 | BC16: 0 | BD16: 0 | BE16: 0 | BF16: 0 | BG16: 0 | BH16: 0 | BI16: -1.125 | BJ16: 0 | BK16: 0 | BL16: 0 | BM16: 0 | BN16: 0 | BO16: -0.875 | BP16: 0 | BQ16: 0 | BR16: 0 | BS16: 0 | BT16: 0 | BU16: 0 | BV16: -1.125 | BW16: 0 | BX16: 0 | BY16: 0 | BZ16: 0 | CA16: 0 | CB16: 0 | CC16: 0 | CD16: 0 | CE16: 0 | CF16: 0 | CG16: 0 | CH16: 0 | CI16: 0 | CJ16: 0 | CK16: 0 | CL16: 0 | CM16: 0 | CN16: 0 | CO16: 0 | CP16: 0.875 | CQ16: 0 | CR16: 0 | CS16: 0 | CT16: 0 | CU16: 0 | CV16: 0 | CW16: 0 | CX16: 0 | CY16: 0 | CZ16: 0 | DA16: 0 | DB16: 0 | DC16: 0 | DD16: 0 | DE16: 0 | DF16: 0 | DG16: 0 | DH16: 0 | DI16: 0 | DJ16: 0 | DK16: 0 | DL16: 0 | DM16: 0 | DN16: 0 | DO16: 0 | DP16: 0 | DQ16: 0 | DR16: 0 | DS16: 0 | DT16: 0 | DU16: 1.125 | DV16: 0 | DW16: 0 | DX16: 0 | DY16: 0 | DZ16: 0 | EA16: 0 | EB16: 0 | EC16: 0 | ED16: 0 | EE16: 0 | EF16: 0 | EG16: 0 | EH16: 0.875 | EI16: {=VLOOKUP(A16,'Opponent List'!$A1:$P137,16,FALSE)} -> -1.3400364 | EJ16: -0.46501956
A17: Bowling Green | B17: 0 | C17: 0 | D17: 0 | E17: 0 | F17: 0 | G17: 0 | H17: 0 | I17: 0 | J17: -0.875 | K17: 0 | L17: 0 | M17: 0.875 | N17: 0 | O17: 0 | P17: 0 | Q17: 0 | R17: 0 | S17: 0 | T17: 0 | U17: 0 | V17: 0 | W17: 0 | X17: 0 | Y17: 0 | Z17: 0 | AA17: -0.875 | AB17: 0 | AC17: -1.125 | AD17: 0 | AE17: 0 | AF17: 0 | AG17: 0 | AH17: 0 | AI17: 0 | AJ17: 0 | AK17: 0 | AL17: 0 | AM17: 0 | AN17: 0 | AO17: 0 | AP17: 0 | AQ17: -0.875 | AR17: 0 | AS17: 0 | AT17: 0 | AU17: 0 | AV17: 0 | AW17: 0 | AX17: 0 | AY17: 0 | AZ17: 0 | BA17: 0 | BB17: 0 | BC17: 0 | BD17: -1.125 | BE17: 0 | BF17: 0 | BG17: 0 | BH17: 0 | BI17: 0 | BJ17: 0 | BK17: 0 | BL17: 0 | BM17: 0 | BN17: -0.875 | BO17: 0 | BP17: 0 | BQ17: 0 | BR17: 0 | BS17: 0 | BT17: 0 | BU17: 0 | BV17: 0 | BW17: 0 | BX17: 0 | BY17: 0 | BZ17: 0 | CA17: 0 | CB17: 0 | CC17: 0 | CD17: 0 | CE17: 0 | CF17: 0 | CG17: 0 | CH17: 0 | CI17: 0 | CJ17: 0 | CK17: 0 | CL17: 0 | CM17: 0 | CN17: 0 | CO17: 0 | CP17: 0 | CQ17: 0 | CR17: 0 | CS17: 0 | CT17: 0 | CU17: 0 | CV17: 0 | CW17: 0 | CX17: 0 | CY17: 0 | CZ17: 0 | DA17: 0 | DB17: 0 | DC17: 0 | DD17: 0 | DE17: 0 | DF17: 0 | DG17: 0 | DH17: 0 | DI17: 0 | DJ17: 0 | DK17: 0 | DL17: 0 | DM17: 0 | DN17: 0 | DO17: 0 | DP17: 0 | DQ17: 0 | DR17: 0 | DS17: 0 | DT17: 0 | DU17: 0 | DV17: 0 | DW17: 0 | DX17: 0 | DY17: 0 | DZ17: 0 | EA17: 0 | EB17: 0 | EC17: 0 | ED17: 0 | EE17: 0 | EF17: 0 | EG17: 0 | EH17: -4.875 | EI17: {=VLOOKUP(A17,'Opponent List'!$A1:$P137,16,FALSE)} -> -1.9825822 | EJ17: -6.8572925
A18: Buffalo | B18: 0 | C18: 0 | D18: 0 | E18: 0 | F18: 0 | G18: 0 | H18: 0 | I18: 0 | J18: 0 | K18: 0 | L18: 0 | M18: 0 | N18: 0 | O18: 0 | P18: 0 | Q18: 0 | R18: 0 | S18: 0 | T18: 0 | U18: 0 | V18: 0 | W18: 0 | X18: 0 | Y18: 0 | Z18: 0 | AA18: 0 | AB18: 0 | AC18: 0 | AD18: 0.875 | AE18: 0.875 | AF18: 0 | AG18: 0 | AH18: -1.125 | AI18: 0 | AJ18: 0 | AK18: 0 | AL18: 0 | AM18: 0 | AN18: 0 | AO18: 0 | AP18: 0 | AQ18: 0 | AR18: 0 | AS18: 0 | AT18: 0 | AU18: 0 | AV18: 0 | AW18: 0 | AX18: 0 | AY18: 0 | AZ18: 0 | BA18: 0 | BB18: 0 | BC18: 0 | BD18: 0 | BE18: 0 | BF18: 0 | BG18: 0 | BH18: 0 | BI18: 0 | BJ18: 0 | BK18: 0 | BL18: 0 | BM18: 0 | BN18: 0 | BO18: 0 | BP18: 0 | BQ18: 0 | BR18: 0 | BS18: 0 | BT18: 0 | BU18: 0 | BV18: 0 | BW18: 0 | BX18: 0 | BY18: 0 | BZ18: 0 | CA18: 0 | CB18: 0 | CC18: 0 | CD18: 0 | CE18: 0.875 | CF18: 0 | CG18: 0 | CH18: 0 | CI18: -0.875 | CJ18: 0 | CK18: 0 | CL18: 0 | CM18: 0 | CN18: 0 | CO18: 0 | CP18: 0 | CQ18: 0 | CR18: 0 | CS18: 0 | CT18: 0 | CU18: 0 | CV18: 0 | CW18: 0 | CX18: 0 | CY18: 0 | CZ18: 0 | DA18: 0 | DB18: 0 | DC18: 0 | DD18: 0 | DE18: 0 | DF18: 0 | DG18: 0 | DH18: 0 | DI18: 0 | DJ18: 0 | DK18: 0 | DL18: 0 | DM18: 0 | DN18: 0 | DO18: 1.125 | DP18: 0 | DQ18: 0 | DR18: 0 | DS18: 0 | DT18: 0 | DU18: 0 | DV18: 0 | DW18: 0 | DX18: 0 | DY18: 0 | DZ18: 0 | EA18: 0 | EB18: 0 | EC18: 0 | ED18: 0 | EE18: 0 | EF18: 1.125 | EG18: 0 | EH18: 2.875 | EI18: {=VLOOKUP(A18,'Opponent List'!$A1:$P137,16,FALSE)} -> -0.7178004 | EJ18: 2.1571893
A19: C Michigan | B19: 0 | C19: 0 | D19: 0 | E19: 0 | F19: 0 | G19: 0 | H19: 0 | I19: 0 | J19: 0 | K19: 0 | L19: 0 | M19: 0 | N19: 0 | O19: 0 | P19: 0 | Q19: 0 | R19: 0 | S19: 0 | T19: 0 | U19: 0 | V19: 0 | W19: 0 | X19: 0.875 | Y19: 0 | Z19: 0 | AA19: 0 | AB19: 0 | AC19: -1.125 | AD19: 0 | AE19: 0 | AF19: 0 | AG19: 0 | AH19: 0 | AI19: 0 | AJ19: 0.875 | AK19: 1.125 | AL19: 0 | AM19: 0 | AN19: 0 | AO19: 0 | AP19: 0 | AQ19: 0 | AR19: 0 | AS19: 0 | AT19: 0 | AU19: 0 | AV19: 0 | AW19: 0 | AX19: 0 | AY19: 0 | AZ19: 0 | BA19: 0 | BB19: 0 | BC19: 0 | BD19: 0 | BE19: 0 | BF19: 0 | BG19: 0 | BH19: 0 | BI19: 0 | BJ19: 0 | BK19: 0 | BL19: 0 | BM19: 0 | BN19: 0 | BO19: 0 | BP19: 0 | BQ19: 0 | BR19: 0 | BS19: 0 | BT19: 0 | BU19: 0 | BV19: 0 | BW19: 0 | BX19: 0 | BY19: 0 | BZ19: 0 | CA19: 0 | CB19: -1.125 | CC19: 0 | CD19: 0 | CE19: 0 | CF19: 0 | CG19: 0 | CH19: 0 | CI19: 0 | CJ19: 0 | CK19: 0 | CL19: 0 | CM19: 0 | CN19: -0.875 | CO19: 0 | CP19: 0 | CQ19: -1.125 | CR19: 0 | CS19: 0 | CT19: 0 | CU19: 0 | CV19: 0 | CW19: 0 | CX19: 0 | CY19: 0 | CZ19: 0 | DA19: 0 | DB19: 0 | DC19: 0 | DD19: 0 | DE19: 0 | DF19: 0 | DG19: 0 | DH19: 0 | DI19: 0 | DJ19: 0 | DK19: 0 | DL19: 0 | DM19: 0 | DN19: 0 | DO19: 0 | DP19: 0 | DQ19: 0 | DR19: 0 | DS19: 0 | DT19: 0 | DU19: 0 | DV19: 0 | DW19: 0 | DX19: 0 | DY19: 0 | DZ19: 0 | EA19: 0 | EB19: 0 | EC19: 0 | ED19: 0 | EE19: 0 | EF19: 0 | EG19: 0 | EH19: -1.375 | EI19: {=VLOOKUP(A19,'Opponent List'!$A1:$P137,16,FALSE)} -> -2.4021072 | EJ19: -3.7770901
A20: California | B20: 0 | C20: 0 | D20: 0 | E20: 0 | F20: 0 | G20: 0 | H20: 0 | I20: 0 | J20: 0 | K20: 0 | L20: 0 | M20: 0 | N20: 0 | O20: 0 | P20: 0 | Q20: 0 | R20: 0 | S20: 0 | T20: 0 | U20: 0 | V20: 0 | W20: 0 | X20: 0 | Y20: 0 | Z20: 0 | AA20: 0 | AB20: 0 | AC20: 0 | AD20: 0 | AE20: 0 | AF20: 0 | AG20: 0 | AH20: 0 | AI20: 0 | AJ20: 0 | AK20: 0 | AL20: 0 | AM20: 0 | AN20: 0 | AO20: 0 | AP20: 0 | AQ20: 0 | AR20: 0 | AS20: 0 | AT20: 0 | AU20: 0.875 | AV20: 0 | AW20: 0 | AX20: 0 | AY20: 0 | AZ20: 0 | BA20: 0 | BB20: 0 | BC20: 0 | BD20: 0 | BE20: 0 | BF20: 0 | BG20: 0 | BH20: 0 | BI20: 0 | BJ20: 0 | BK20: 0 | BL20: 0 | BM20: 0 | BN20: 0 | BO20: 0 | BP20: 0 | BQ20: 0.875 | BR20: 0 | BS20: 0 | BT20: 0 | BU20: 0 | BV20: 0 | BW20: 0 | BX20: 0 | BY20: 0 | BZ20: 0 | CA20: 0 | CB20: 0 | CC20: 0 | CD20: 0 | CE20: 0 | CF20: 0 | CG20: -1.125 | CH20: 0 | CI20: 0 | CJ20: 0 | CK20: 0 | CL20: 0 | CM20: 0 | CN20: 0 | CO20: 0 | CP20: 0 | CQ20: 0 | CR20: 0 | CS20: 0 | CT20: 0 | CU20: 0 | CV20: 0 | CW20: 0 | CX20: 0 | CY20: 0 | CZ20: 0 | DA20: 0 | DB20: 0 | DC20: 0 | DD20: 0 | DE20: 0 | DF20: 0 | DG20: 0 | DH20: 0 | DI20: 0 | DJ20: 0.875 | DK20: 0 | DL20: 0 | DM20: 0 | DN20: -0.875 | DO20: 0 | DP20: 0 | DQ20: 0 | DR20: 0 | DS20: 0 | DT20: 0 | DU20: 0 | DV20: 0 | DW20: 0 | DX20: 0 | DY20: 0 | DZ20: 0 | EA20: -0.875 | EB20: 0 | EC20: 0 | ED20: 0 | EE20: 0 | EF20: 0 | EG20: 1.125 | EH20: 0.875 | EI20: {=VLOOKUP(A20,'Opponent List'!$A1:$P137,16,FALSE)} -> -0.85655769 | EJ20: 0.018556443
A21: Charlotte | B21: 0 | C21: 0 | D21: 0 | E21: 0 | F21: 0 | G21: 0 | H21: 0 | I21: 0 | J21: 0 | K21: 0 | L21: 0 | M21: 0 | N21: 0 | O21: 0 | P21: 0 | Q21: 0 | R21: 0 | S21: 0 | T21: 0 | U21: 0 | V21: 0 | W21: 0 | X21: 0 | Y21: -1.125 | Z21: 0 | AA21: 0 | AB21: 0 | AC21: 0 | AD21: 0 | AE21: 0 | AF21: 0 | AG21: 0 | AH21: 0 | AI21: 0 | AJ21: 0 | AK21: 0 | AL21: 0 | AM21: 0 | AN21: 0 | AO21: 0 | AP21: 0 | AQ21: 0 | AR21: -0.875 | AS21: 0 | AT21: 0 | AU21: 0 | AV21: -1.125 | AW21: 0 | AX21: 0 | AY21: 0 | AZ21: 0 | BA21: 0 | BB21: 0 | BC21: 0 | BD21: 0 | BE21: 0 | BF21: 0 | BG21: 0 | BH21: 0 | BI21: 0 | BJ21: -0.875 | BK21: 0 | BL21: 0 | BM21: 0 | BN21: 0 | BO21: -0.875 | BP21: 0 | BQ21: 0 | BR21: 0 | BS21: 0 | BT21: 0 | BU21: 0 | BV21: 0 | BW21: 0 | BX21: 0 | BY21: 0 | BZ21: 0 | CA21: 0 | CB21: 0 | CC21: 0 | CD21: 0 | CE21: 0 | CF21: 0 | CG21: 0 | CH21: 0 | CI21: 0 | CJ21: 0 | CK21: 0 | CL21: -0.875 | CM21: 0 | CN21: 0 | CO21: 0 | CP21: 0 | CQ21: 0 | CR21: 0 | CS21: 0 | CT21: 0 | CU21: 0 | CV21: 0 | CW21: 0 | CX21: 0 | CY21: 0 | CZ21: 0 | DA21: 0 | DB21: 0 | DC21: 0 | DD21: 0 | DE21: 0 | DF21: 0 | DG21: 0 | DH21: 0 | DI21: 0 | DJ21: 0 | DK21: 0 | DL21: 0 | DM21: 0 | DN21: 0 | DO21: 0 | DP21: 0 | DQ21: 0 | DR21: 0 | DS21: 0 | DT21: 0 | DU21: 0 | DV21: -1.125 | DW21: 0 | DX21: 0 | DY21: 0 | DZ21: 0 | EA21: 0 | EB21: 0 | EC21: 0 | ED21: 0 | EE21: 0 | EF21: 0 | EG21: 0 | EH21: -6.875 | EI21: {=VLOOKUP(A21,'Opponent List'!$A1:$P137,16,FALSE)} -> 2.4112763 | EJ21: -4.4638144
A22: Cincinnati | B22: 0 | C22: 0 | D22: 0 | E22: 0 | F22: 0 | G22: 0 | H22: 0 | I22: 0 | J22: 0 | K22: 0 | L22: 0 | M22: 0 | N22: 0.875 | O22: 0 | P22: 0 | Q22: 0 | R22: 0 | S22: 0 | T22: 0 | U22: 0 | V22: 0 | W22: 0 | X22: 0 | Y22: 0 | Z22: 0 | AA22: 0 | AB22: 0 | AC22: 0 | AD22: 0 | AE22: 0 | AF22: 0 | AG22: 0 | AH22: 0 | AI22: 0.875 | AJ22: 0 | AK22: 0 | AL22: 0 | AM22: 0 | AN22: 0 | AO22: 0 | AP22: 0 | AQ22: 0 | AR22: 0 | AS22: 0 | AT22: 0 | AU22: 0 | AV22: 0 | AW22: 0 | AX22: 0 | AY22: 0 | AZ22: 0 | BA22: 0 | BB22: 0 | BC22: 0 | BD22: 1.125 | BE22: 0 | BF22: 0 | BG22: 0 | BH22: 0 | BI22: 0 | BJ22: 0 | BK22: 0 | BL22: 0 | BM22: 0.875 | BN22: 0 | BO22: 0 | BP22: 0 | BQ22: 0 | BR22: 0 | BS22: 0 | BT22: 0 | BU22: 0 | BV22: 0 | BW22: 0 | BX22: 0 | BY22: 0 | BZ22: 0 | CA22: 0 | CB22: 0 | CC22: 0 | CD22: 0 | CE22: 0 | CF22: 0 | CG22: 0 | CH22: 0 | CI22: 0 | CJ22: 0 | CK22: 0 | CL22: 0 | CM22: 0 | CN22: 0 | CO22: 1.125 | CP22: 0 | CQ22: 0 | CR22: 0 | CS22: 0 | CT22: 0 | CU22: 0 | CV22: 0 | CW22: 0 | CX22: 0 | CY22: 0 | CZ22: 0 | DA22: 0 | DB22: 0 | DC22: 0 | DD22: 0 | DE22: 0 | DF22: 0 | DG22: 0 | DH22: 0 | DI22: 0 | DJ22: 0 | DK22: 0 | DL22: 0 | DM22: 0 | DN22: 0 | DO22: 0 | DP22: 0 | DQ22: 0 | DR22: 0 | DS22: 0 | DT22: 0 | DU22: 0 | DV22: 0 | DW22: 0 | DX22: 0 | DY22: 0 | DZ22: 0 | EA22: 0 | EB22: 0 | EC22: 0 | ED22: 0 | EE22: 0 | EF22: 0 | EG22: 0 | EH22: 4.875 | EI22: {=VLOOKUP(A22,'Opponent List'!$A1:$P137,16,FALSE)} -> -3.4151591 | EJ22: 1.4600486
A23: Clemson | B23: 0 | C23: 0 | D23: 0 | E23: 0 | F23: 0 | G23: 0 | H23: 0 | I23: 0 | J23: 0 | K23: 0 | L23: 0.875 | M23: 0 | N23: 0 | O23: 0 | P23: 0 | Q23: 0 | R23: 0 | S23: 0 | T23: 0 | U23: 0 | V23: 0 | W23: 0 | X23: 0 | Y23: 0 | Z23: 0 | AA23: 0 | AB23: 0 | AC23: 0 | AD23: 0 | AE23: 0 | AF23: 0 | AG23: 0 | AH23: 0 | AI23: 0 | AJ23: 0 | AK23: 0 | AL23: 0 | AM23: -1.125 | AN23: 0 | AO23: 0 | AP23: 0 | AQ23: 0 | AR23: 0 | AS23: 0 | AT23: 0 | AU23: 0 | AV23: 0 | AW23: 0 | AX23: 0 | AY23: 0 | AZ23: 0 | BA23: 0 | BB23: 0 | BC23: 0 | BD23: 0 | BE23: 0 | BF23: 0 | BG23: -1.125 | BH23: 0 | BI23: 0 | BJ23: 0 | BK23: 0 | BL23: 0 | BM23: 0 | BN23: 0 | BO23: 0 | BP23: 0 | BQ23: 0 | BR23: 0 | BS23: 0 | BT23: 0 | BU23: 0 | BV23: 0 | BW23: 0 | BX23: 0 | BY23: 0 | BZ23: 0 | CA23: 0 | CB23: 0 | CC23: 0 | CD23: 0 | CE23: 0 | CF23: 0 | CG23: 0 | CH23: 0 | CI23: 0 | CJ23: 0 | CK23: 0 | CL23: 0 | CM23: 0 | CN23: 0 | CO23: 0 | CP23: 0 | CQ23: 0 | CR23: 0 | CS23: 0 | CT23: 0 | CU23: 0 | CV23: 0 | CW23: 0 | CX23: 0 | CY23: 1.125 | CZ23: 0 | DA23: 0 | DB23: 0 | DC23: 0 | DD23: 0 | DE23: 0 | DF23: 0 | DG23: 0 | DH23: 0 | DI23: 0 | DJ23: 0 | DK23: 0 | DL23: 0 | DM23: 0 | DN23: 0 | DO23: 0 | DP23: 0 | DQ23: 0 | DR23: 0 | DS23: 0 | DT23: 0 | DU23: 0 | DV23: 0 | DW23: 0 | DX23: 0 | DY23: 0 | DZ23: 0 | EA23: 0 | EB23: 0 | EC23: 0 | ED23: 0.875 | EE23: 0 | EF23: 0 | EG23: 0 | EH23: 0.625 | EI23: {=VLOOKUP(A23,'Opponent List'!$A1:$P137,16,FALSE)} -> 2.0034822 | EJ23: 2.6281733
A24: Coastal Car | B24: 0 | C24: 0 | D24: 0 | E24: 0 | F24: 0 | G24: 0 | H24: 0 | I24: 0 | J24: 0 | K24: 0 | L24: 0 | M24: 0 | N24: 0 | O24: 0 | P24: 0 | Q24: 0 | R24: 0 | S24: -0.875 | T24: 0 | U24: 0 | V24: 0 | W24: 0 | X24: 0 | Y24: 0 | Z24: -1.125 | AA24: 0 | AB24: 0 | AC24: 0 | AD24: 0 | AE24: 0 | AF24: 0 | AG24: 0 | AH24: 0 | AI24: 0 | AJ24: 0 | AK24: 0 | AL24: 0 | AM24: 0 | AN24: 0 | AO24: 0 | AP24: 0 | AQ24: 0 | AR24: 0 | AS24: 0 | AT24: 0 | AU24: 0 | AV24: 0 | AW24: 0 | AX24: 0 | AY24: 0 | AZ24: 0 | BA24: 0 | BB24: 0 | BC24: 0 | BD24: 0 | BE24: 0 | BF24: 0 | BG24: 0 | BH24: 0 | BI24: 0 | BJ24: 0 | BK24: 0 | BL24: 0 | BM24: 0 | BN24: -0.875 | BO24: 0 | BP24: 0 | BQ24: 0 | BR24: 0 | BS24: 0 | BT24: 0 | BU24: 0 | BV24: 0 | BW24: 0 | BX24: 0 | BY24: 0 | BZ24: 0 | CA24: 0 | CB24: 0 | CC24: 0 | CD24: 0 | CE24: 0 | CF24: 0 | CG24: 0 | CH24: 0 | CI24: 0 | CJ24: 0 | CK24: 0 | CL24: 0 | CM24: 0 | CN24: 0 | CO24: 0 | CP24: 0 | CQ24: -0.875 | CR24: 0 | CS24: 0 | CT24: 0 | CU24: 0 | CV24: 0 | CW24: 0 | CX24: 0 | CY24: 0 | CZ24: 0 | DA24: 1.125 | DB24: 0 | DC24: 0 | DD24: 0 | DE24: 0 | DF24: 0 | DG24: 0 | DH24: 0 | DI24: 0 | DJ24: 0 | DK24: 0.875 | DL24: 0 | DM24: 0 | DN24: 0 | DO24: 0 | DP24: 0 | DQ24: 0 | DR24: 0 | DS24: 0 | DT24: 0 | DU24: 0 | DV24: 0 | DW24: -1.125 | DX24: 0 | DY24: 0 | DZ24: 0 | EA24: 0 | EB24: 0 | EC24: 0 | ED24: 0 | EE24: 0 | EF24: 0 | EG24: 0 | EH24: -2.875 | EI24: {=VLOOKUP(A24,'Opponent List'!$A1:$P137,16,FALSE)} -> -1.595282 | EJ24: -4.4699921
A25: Colorado St | B25: 0 | C25: 0 | D25: 0 | E25: 0 | F25: 0 | G25: 0 | H25: 0 | I25: 0 | J25: 0 | K25: -0.875 | L25: 0 | M25: 0 | N25: 0 | O25: 0 | P25: 0 | Q25: 0 | R25: 0 | S25: 0 | T25: 0 | U25: 1.125 | V25: 0 | W25: 0 | X25: 0 | Y25: 0 | Z25: 0 | AA25: 0 | AB25: 0 | AC25: 0 | AD25: 0 | AE25: 0 | AF25: 0 | AG25: 0 | AH25: 0 | AI25: 0 | AJ25: 0 | AK25: 0 | AL25: 0 | AM25: 0 | AN25: 0 | AO25: 0 | AP25: 0 | AQ25: 0 | AR25: 0 | AS25: 0 | AT25: 0 | AU25: 0 | AV25: 0 | AW25: -1.125 | AX25: 0 | AY25: 0 | AZ25: 0 | BA25: 0 | BB25: 0 | BC25: 0 | BD25: 0 | BE25: 0 | BF25: -0.875 | BG25: 0 | BH25: 0 | BI25: 0 | BJ25: 0 | BK25: 0 | BL25: 0 | BM25: 0 | BN25: -1.125 | BO25: 0 | BP25: 0 | BQ25: 0 | BR25: 0 | BS25: 0 | BT25: 0 | BU25: 0 | BV25: 0 | BW25: -0.875 | BX25: 0 | BY25: 0 | BZ25: 0 | CA25: 0 | CB25: 0 | CC25: 0 | CD25: 0 | CE25: 0 | CF25: 0 | CG25: 0 | CH25: 0 | CI25: 0 | CJ25: 0 | CK25: 0 | CL25: 0 | CM25: 0 | CN25: 0 | CO25: 0 | CP25: 0 | CQ25: 0 | CR25: 0 | CS25: 0 | CT25: 0 | CU25: 0 | CV25: 0 | CW25: 0 | CX25: 0 | CY25: 0 | CZ25: 0 | DA25: 0 | DB25: 0 | DC25: 0 | DD25: 0 | DE25: 0 | DF25: 0 | DG25: 0 | DH25: 0 | DI25: 0 | DJ25: 0 | DK25: 0 | DL25: 0 | DM25: 0 | DN25: 0 | DO25: 0 | DP25: 0 | DQ25: 0 | DR25: 0 | DS25: 0 | DT25: 0 | DU25: 0 | DV25: 0 | DW25: 0 | DX25: 0 | DY25: 0 | DZ25: 0 | EA25: 0 | EB25: 0 | EC25: 0 | ED25: -1.125 | EE25: 0 | EF25: 0 | EG25: 0 | EH25: -4.875 | EI25: {=VLOOKUP(A25,'Opponent List'!$A1:$P137,16,FALSE)} -> 0.6803206 | EJ25: -4.1947203
A26: Colorado | B26: 0 | C26: 0 | D26: 0 | E26: 0 | F26: 0 | G26: 0 | H26: 0 | I26: 0 | J26: 0 | K26: 0 | L26: 0 | M26: 0 | N26: 0 | O26: 0 | P26: 0 | Q26: 0 | R26: 0 | S26: 0 | T26: 0 | U26: 0 | V26: 0 | W26: 0 | X26: 1.125 | Y26: 0 | Z26: 0 | AA26: 0 | AB26: 0 | AC26: 0 | AD26: 0 | AE26: 0 | AF26: 0 | AG26: 0 | AH26: 0 | AI26: 0 | AJ26: 0 | AK26: 0 | AL26: -1.125 | AM26: 0 | AN26: 0 | AO26: 0 | AP26: 0 | AQ26: 0 | AR26: 0 | AS26: 0 | AT26: 0 | AU26: 0 | AV26: 0 | AW26: 0 | AX26: 0 | AY26: 0 | AZ26: 0 | BA26: 0 | BB26: 0 | BC26: 0 | BD26: 0 | BE26: 0 | BF26: 0 | BG26: -1.125 | BH26: 0 | BI26: 0 | BJ26: 0 | BK26: 0.875 | BL26: 0 | BM26: 0 | BN26: 0 | BO26: 0 | BP26: 0 | BQ26: 0 | BR26: 0 | BS26: 0 | BT26: -1.125 | BU26: 0 | BV26: 0 | BW26: 0 | BX26: 0 | BY26: 0 | BZ26: -0.875 | CA26: 0 | CB26: 0 | CC26: 0 | CD26: 0 | CE26: 0 | CF26: 0 | CG26: 0 | CH26: 0 | CI26: 0 | CJ26: 0 | CK26: 0 | CL26: 0 | CM26: 0 | CN26: 0 | CO26: 0 | CP26: 0 | CQ26: 0 | CR26: 0 | CS26: 0 | CT26: 0 | CU26: 0 | CV26: 0 | CW26: 0 | CX26: 0 | CY26: 0 | CZ26: 0 | DA26: 0 | DB26: 0 | DC26: -0.875 | DD26: 0 | DE26: 0 | DF26: 0 | DG26: 0 | DH26: 0 | DI26: 0 | DJ26: 0 | DK26: 0 | DL26: 0 | DM26: 0 | DN26: 0 | DO26: 0 | DP26: 0 | DQ26: 0 | DR26: 0 | DS26: 0 | DT26: 0 | DU26: 0 | DV26: 0 | DW26: 0 | DX26: 0 | DY26: 0 | DZ26: 0 | EA26: 0 | EB26: 0 | EC26: 0 | ED26: 0 | EE26: 0 | EF26: 0 | EG26: 0 | EH26: -3.125 | EI26: {=VLOOKUP(A26,'Opponent List'!$A1:$P137,16,FALSE)} -> 1.2020777 | EJ26: -1.9231974
A27: Delaware | B27: 0 | C27: 0 | D27: 0 | E27: 0 | F27: 0 | G27: 0 | H27: 0 | I27: 0 | J27: 0 | K27: 0 | L27: 0 | M27: 0 | N27: 0 | O27: 0 | P27: 0 | Q27: 0.875 | R27: 0 | S27: 0 | T27: 0 | U27: 0 | V27: 0 | W27: 0 | X27: 0 | Y27: 0 | Z27: 0 | AA27: 0 | AB27: -0.875 | AC27: 0 | AD27: 0 | AE27: 0 | AF27: 0 | AG27: 0 | AH27: 0 | AI27: 0 | AJ27: 0 | AK27: 0 | AL27: 0 | AM27: 0 | AN27: 0 | AO27: 0 | AP27: 0 | AQ27: 0 | AR27: 0 | AS27: 0 | AT27: 0 | AU27: 0 | AV27: 0 | AW27: 0 | AX27: 0 | AY27: 0 | AZ27: 0 | BA27: 0 | BB27: 0 | BC27: -0.875 | BD27: 0 | BE27: 0 | BF27: 0 | BG27: 0 | BH27: 0 | BI27: 0 | BJ27: -0.875 | BK27: 0 | BL27: 0 | BM27: 0 | BN27: 0 | BO27: 0 | BP27: 0 | BQ27: 0 | BR27: 0 | BS27: 0 | BT27: 0 | BU27: 0 | BV27: 0 | BW27: 0 | BX27: 0 | BY27: 0 | BZ27: 0 | CA27: -1.125 | CB27: 0 | CC27: 0 | CD27: 0 | CE27: 0 | CF27: 0 | CG27: 0 | CH27: 0 | CI27: 0 | CJ27: 0 | CK27: 0 | CL27: 0 | CM27: 0 | CN27: 0 | CO27: 0 | CP27: 0 | CQ27: 0 | CR27: 0 | CS27: 0 | CT27: 0 | CU27: 0 | CV27: 0 | CW27: 0 | CX27: 0 | CY27: 0 | CZ27: 0 | DA27: 0 | DB27: 0 | DC27: 0 | DD27: 0 | DE27: -1.125 | DF27: 0 | DG27: 0 | DH27: 0 | DI27: 0 | DJ27: 0 | DK27: 0 | DL27: 0 | DM27: 0 | DN27: 0 | DO27: 0 | DP27: 0.875 | DQ27: 0 | DR27: 0 | DS27: 0 | DT27: 0 | DU27: 0 | DV27: 0 | DW27: 0 | DX27: 0 | DY27: 0 | DZ27: 0 | EA27: 0 | EB27: 0 | EC27: 0 | ED27: 0 | EE27: 0 | EF27: 0 | EG27: 0 | EH27: -3.125 | EI27: {=VLOOKUP(A27,'Opponent List'!$A1:$P137,16,FALSE)} -> -0.64043929 | EJ27: -3.7656245
A28: Duke | B28: 0 | C28: 0 | D28: 0 | E28: -1.125 | F28: 0 | G28: 0 | H28: 0.875 | I28: 0 | J28: 0 | K28: 0 | L28: 0 | M28: 0 | N28: 0 | O28: 0 | P28: 0 | Q28: 0 | R28: 0 | S28: 0 | T28: 0 | U28: 0 | V28: 0 | W28: 0 | X28: 0 | Y28: 0 | Z28: 0 | AA28: 0.875 | AB28: 0 | AC28: 0 | AD28: 0 | AE28: 0 | AF28: 0 | AG28: 0 | AH28: 0 | AI28: 0 | AJ28: 0 | AK28: 0 | AL28: 0 | AM28: 0 | AN28: 0 | AO28: 0 | AP28: 0 | AQ28: 0 | AR28: 0 | AS28: 0 | AT28: 0 | AU28: 0.875 | AV28: 0 | AW28: 0 | AX28: 0 | AY28: 0 | AZ28: 0 | BA28: 1.125 | BB28: 0 | BC28: 0 | BD28: 0 | BE28: 0 | BF28: 0 | BG28: 0 | BH28: 0 | BI28: 0 | BJ28: 0 | BK28: 0 | BL28: 0 | BM28: 0 | BN28: 2.25 | BO28: 0 | BP28: 0 | BQ28: 0 | BR28: 0 | BS28: 0 | BT28: 0 | BU28: 0 | BV28: 0 | BW28: 0 | BX28: 0 | BY28: 0 | BZ28: 0 | CA28: 0 | CB28: 0 | CC28: 0 | CD28: 0 | CE28: 0 | CF28: 0 | CG28: 0 | CH28: 0 | CI28: 0 | CJ28: 0 | CK28: 0 | CL28: 0 | CM28: 0 | CN28: 0 | CO28: 0 | CP28: 0 | CQ28: 0 | CR28: 0 | CS28: 0 | CT28: 0 | CU28: 0 | CV28: 0 | CW28: 0 | CX28: 0 | CY28: 0 | CZ28: 0 | DA28: 0 | DB28: 0 | DC28: 0 | DD28: 0 | DE28: 0 | DF28: 0 | DG28: 0 | DH28: 0 | DI28: 0 | DJ28: 0 | DK28: 0 | DL28: 0 | DM28: 0 | DN28: 0 | DO28: 0 | DP28: 0 | DQ28: 0 | DR28: 0 | DS28: 0 | DT28: 0 | DU28: 0 | DV28: 0 | DW28: 0 | DX28: 0 | DY28: 0 | DZ28: 0 | EA28: 0 | EB28: 0 | EC28: 0 | ED28: 0 | EE28: 0 | EF28: 0 | EG28: 0 | EH28: 4.875 | EI28: {=VLOOKUP(A28,'Opponent List'!$A1:$P137,16,FALSE)} -> -1.6806677 | EJ28: 3.1946532
A29: E Carolina | B29: 0 | C29: 0 | D29: 0 | E29: 0 | F29: 0 | G29: 0 | H29: 0 | I29: 0 | J29: 0 | K29: 0 | L29: 0 | M29: 0 | N29: 0 | O29: 0 | P29: 0 | Q29: 1.125 | R29: 0 | S29: 1.125 | T29: 0 | U29: 0 | V29: 0 | W29: 0 | X29: 0 | Y29: 0 | Z29: 0 | AA29: 0 | AB29: 0 | AC29: 0 | AD29: 0 | AE29: 0 | AF29: 0 | AG29: 0 | AH29: 0 | AI29: 0 | AJ29: 0 | AK29: 0 | AL29: 0 | AM29: 0 | AN29: 0 | AO29: 0 | AP29: 0 | AQ29: 0 | AR29: 0 | AS29: 0 | AT29: 0 | AU29: -1.125 | AV29: 0 | AW29: 0 | AX29: 0 | AY29: 0 | AZ29: 0 | BA29: 0 | BB29: 0.875 | BC29: 0 | BD29: 0 | BE29: 0 | BF29: 0 | BG29: 0 | BH29: 0 | BI29: 0 | BJ29: 0 | BK29: 0 | BL29: 0 | BM29: 0 | BN29: 0 | BO29: 0 | BP29: 0 | BQ29: 0 | BR29: 0 | BS29: 0 | BT29: 0 | BU29: 0 | BV29: 0 | BW29: 0 | BX29: 0 | BY29: 0 | BZ29: 0 | CA29: 0 | CB29: 0 | CC29: 0 | CD29: -0.875 | CE29: 0 | CF29: 0 | CG29: 0 | CH29: 0 | CI29: 0 | CJ29: 0 | CK29: 0 | CL29: 0 | CM29: 0 | CN29: 0 | CO29: 0 | CP29: 0 | CQ29: 0 | CR29: 0 | CS29: 0 | CT29: 0 | CU29: 0 | CV29: 0 | CW29: 0 | CX29: 0.875 | CY29: 0 | CZ29: 0 | DA29: 0 | DB29: 0 | DC29: 0 | DD29: 0 | DE29: 0 | DF29: 0 | DG29: 0 | DH29: 0 | DI29: -0.875 | DJ29: 0 | DK29: 0 | DL29: 0 | DM29: 0 | DN29: 0 | DO29: 0 | DP29: 0 | DQ29: 0 | DR29: 0 | DS29: 0 | DT29: 0 | DU29: 0 | DV29: 0 | DW29: 0 | DX29: 0 | DY29: 0 | DZ29: 0 | EA29: 0 | EB29: 0 | EC29: 0 | ED29: 0 | EE29: 0 | EF29: 0 | EG29: 0 | EH29: 1.125 | EI29: {=VLOOKUP(A29,'Opponent List'!$A1:$P137,16,FALSE)} -> -0.87634657 | EJ29: 0.24863859
A30: E Michigan | B30: 0 | C30: 0 | D30: 0 | E30: 0 | F30: 0 | G30: 0 | H30: 0 | I30: 0 | J30: 0 | K30: 0 | L30: 0 | M30: 0 | N30: 0 | O30: 0 | P30: 0 | Q30: 0 | R30: -0.875 | S30: 0 | T30: 0 | U30: 0 | V30: 0 | W30: 0 | X30: 0 | Y30: 0 | Z30: 0 | AA30: 0 | AB30: 0 | AC30: 0 | AD30: 0 | AE30: 0 | AF30: 0 | AG30: 0 | AH30: -0.875 | AI30: 0 | AJ30: 0 | AK30: 0 | AL30: 0 | AM30: 0 | AN30: 0 | AO30: 1.125 | AP30: 0 | AQ30: -0.875 | AR30: 0 | AS30: 0 | AT30: 0 | AU30: 0 | AV30: 0 | AW30: 0 | AX30: 0 | AY30: 0 | AZ30: 0 | BA30: 0 | BB30: 0 | BC30: -1.125 | BD30: 0 | BE30: 0 | BF30: 0 | BG30: 0 | BH30: 0 | BI30: 0 | BJ30: 0 | BK30: 0 | BL30: 0 | BM30: 0 | BN30: 0 | BO30: -1.125 | BP30: 0 | BQ30: 0 | BR30: 0 | BS30: 0 | BT30: 0 | BU30: 0 | BV30: 0 | BW30: 0 | BX30: 0 | BY30: 0 | BZ30: 0 | CA30: 0 | CB30: 0 | CC30: 0 | CD30: 0 | CE30: 0.875 | CF30: 0 | CG30: 0 | CH30: 0 | CI30: 0 | CJ30: 0 | CK30: 0 | CL30: 0 | CM30: 0 | CN30: 0 | CO30: 0 | CP30: 0 | CQ30: 0 | CR30: 0 | CS30: 0 | CT30: 0 | CU30: 0 | CV30: 0 | CW30: 0 | CX30: 0 | CY30: 0 | CZ30: 0 | DA30: 0 | DB30: 0 | DC30: 0 | DD30: 0 | DE30: 0 | DF30: 0 | DG30: 0 | DH30: 0 | DI30: 0 | DJ30: 0 | DK30: 0 | DL30: 0 | DM30: 0 | DN30: 0 | DO30: 0 | DP30: 0 | DQ30: 0 | DR30: 0 | DS30: 0 | DT30: 0 | DU30: 0 | DV30: 0 | DW30: 0 | DX30: 0 | DY30: 0 | DZ30: 0 | EA30: 0 | EB30: 0 | EC30: 0 | ED30: 0 | EE30: 0 | EF30: 0 | EG30: 0 | EH30: -2.875 | EI30: {=VLOOKUP(A30,'Opponent List'!$A1:$P137,16,FALSE)} -> 1.0045077 | EJ30: -1.8705117
A31: Florida Atlantic | B31: 0 | C31: 0 | D31: 0 | E31: 0 | F31: 0 | G31: 0 | H31: 0 | I31: 0 | J31: 0 | K31: 0 | L31: 0 | M31: 0 | N31: 0 | O31: 0 | P31: -1.125 | Q31: 0 | R31: -0.875 | S31: 0 | T31: 0 | U31: 0 | V31: 0 | W31: 0 | X31: 0 | Y31: 0 | Z31: 0 | AA31: 0 | AB31: 0 | AC31: 0 | AD31: 0 | AE31: 0 | AF31: 0 | AG31: -0.875 | AH31: 0 | AI31: 0 | AJ31: 0 | AK31: 0 | AL31: 0 | AM31: 0 | AN31: 0 | AO31: 0 | AP31: 0 | AQ31: 0 | AR31: 0 | AS31: 0 | AT31: 0 | AU31: 0 | AV31: -0.875 | AW31: 0 | AX31: 0 | AY31: 0 | AZ31: 0 | BA31: 0 | BB31: 0 | BC31: 0 | BD31: 0 | BE31: 0 | BF31: 0 | BG31: 0 | BH31: 0 | BI31: 0 | BJ31: 0 | BK31: 0 | BL31: 0 | BM31: 0 | BN31: 0 | BO31: 0 | BP31: 0 | BQ31: 0 | BR31: 0 | BS31: 0 | BT31: 0 | BU31: 0 | BV31: 0 | BW31: 0 | BX31: 0 | BY31: 0 | BZ31: 0 | CA31: 0 | CB31: 0 | CC31: 0 | CD31: 0 | CE31: 0 | CF31: 0 | CG31: 0 | CH31: 0 | CI31: 0 | CJ31: 0 | CK31: 0 | CL31: 0 | CM31: 0 | CN31: 0 | CO31: 0 | CP31: 0 | CQ31: 0 | CR31: 0 | CS31: 0.875 | CT31: 0 | CU31: 0 | CV31: 0 | CW31: 1.125 | CX31: 0 | CY31: 0 | CZ31: 0 | DA31: 0 | DB31: 0 | DC31: 0 | DD31: 0 | DE31: 0 | DF31: 0 | DG31: 0 | DH31: 0 | DI31: 0 | DJ31: 0 | DK31: 0 | DL31: 0 | DM31: 0 | DN31: 0 | DO31: 0 | DP31: 0 | DQ31: 0 | DR31: -1.125 | DS31: 0 | DT31: 0 | DU31: 0 | DV31: 0 | DW31: 0 | DX31: 0 | DY31: 0 | DZ31: 0 | EA31: 0 | EB31: 0 | EC31: 0 | ED31: 0 | EE31: 0 | EF31: 0 | EG31: 0 | EH31: -2.875 | EI31: {=VLOOKUP(A31,'Opponent List'!$A1:$P137,16,FALSE)} -> 0.2857716 | EJ31: -2.5891425
A32: Florida Intl | B32: 0 | C32: 0 | D32: 0 | E32: 1.125 | F32: 0 | G32: 0 | H32: 0 | I32: 0 | J32: 0 | K32: 0 | L32: -1.125 | M32: 0 | N32: 0 | O32: 0 | P32: 0 | Q32: 0 | R32: 0 | S32: 0 | T32: 0 | U32: 0 | V32: 0 | W32: 0 | X32: 0 | Y32: 0 | Z32: 0 | AA32: 0 | AB32: 0 | AC32: 0 | AD32: 0 | AE32: 0 | AF32: 0 | AG32: 0 | AH32: 0 | AI32: 0 | AJ32: 0 | AK32: 0 | AL32: 0 | AM32: 0 | AN32: 0 | AO32: 0 | AP32: 0 | AQ32: 0 | AR32: 0 | AS32: 0 | AT32: 0 | AU32: 0 | AV32: 0 | AW32: 0 | AX32: 0 | AY32: 0 | AZ32: 0 | BA32: 0 | BB32: 0 | BC32: 0 | BD32: 0 | BE32: 0 | BF32: 0 | BG32: 0 | BH32: 0 | BI32: 0 | BJ32: 0 | BK32: 0 | BL32: 0 | BM32: 0 | BN32: 0 | BO32: 0 | BP32: 0 | BQ32: 0 | BR32: -1.125 | BS32: 0 | BT32: 0 | BU32: 0 | BV32: -1.125 | BW32: 0 | BX32: 0 | BY32: 0 | BZ32: 0 | CA32: 0 | CB32: -0.875 | CC32: 0 | CD32: 0 | CE32: 0 | CF32: 0 | CG32: 0 | CH32: 0 | CI32: 0 | CJ32: 0 | CK32: 0 | CL32: 0 | CM32: 0 | CN32: 0 | CO32: 0 | CP32: 0 | CQ32: 0 | CR32: 0 | CS32: 0 | CT32: 0 | CU32: 0 | CV32: 0 | CW32: 0 | CX32: 0 | CY32: 0 | CZ32: 0 | DA32: 0 | DB32: 0 | DC32: 0 | DD32: 0 | DE32: -0.875 | DF32: -0.875 | DG32: 0 | DH32: 0 | DI32: 0 | DJ32: 0 | DK32: 0 | DL32: 0 | DM32: 0 | DN32: 0 | DO32: 0 | DP32: 0 | DQ32: 0 | DR32: 0 | DS32: 0 | DT32: 0 | DU32: 0 | DV32: 0 | DW32: 0 | DX32: 0 | DY32: 0 | DZ32: 0 | EA32: 0 | EB32: 0 | EC32: 0 | ED32: 0 | EE32: 0 | EF32: 0 | EG32: 0 | EH32: -4.875 | EI32: {=VLOOKUP(A32,'Opponent List'!$A1:$P137,16,FALSE)} -> 2.1667368 | EJ32: -2.7083101
A33: Florida St | B33: 0 | C33: 0 | D33: 0 | E33: 0 | F33: 0 | G33: 0 | H33: 0 | I33: 0 | J33: 0 | K33: 0 | L33: 0 | M33: 0 | N33: 0 | O33: 0 | P33: 0 | Q33: 0 | R33: 0 | S33: 0 | T33: 0 | U33: 0 | V33: 0 | W33: 0 | X33: 0 | Y33: 0 | Z33: 0 | AA33: 0 | AB33: 0 | AC33: 0 | AD33: 0 | AE33: 0.875 | AF33: 0 | AG33: 0 | AH33: 0 | AI33: 0 | AJ33: 0 | AK33: 0 | AL33: 0 | AM33: 0 | AN33: 0 | AO33: 0 | AP33: -0.875 | AQ33: 0 | AR33: 0 | AS33: 0 | AT33: 0 | AU33: 0 | AV33: 0.875 | AW33: 0 | AX33: 0 | AY33: 0 | AZ33: 0 | BA33: 0 | BB33: 0 | BC33: 1.125 | BD33: 0 | BE33: 0 | BF33: 0 | BG33: 0 | BH33: 0 | BI33: 0 | BJ33: 0 | BK33: 0 | BL33: 0 | BM33: 0 | BN33: 0 | BO33: 0 | BP33: 0 | BQ33: 0 | BR33: 0 | BS33: 0 | BT33: 0 | BU33: 0 | BV33: 0 | BW33: 0 | BX33: 0 | BY33: 0 | BZ33: 1.125 | CA33: 0 | CB33: 0 | CC33: 0 | CD33: 0 | CE33: 0 | CF33: 0 | CG33: 0 | CH33: 0 | CI33: 0 | CJ33: 0 | CK33: 0 | CL33: 0 | CM33: 0 | CN33: 0 | CO33: 0 | CP33: 0 | CQ33: 0 | CR33: 0 | CS33: 0 | CT33: 0 | CU33: 0 | CV33: -0.875 | CW33: 1.125 | CX33: 0 | CY33: 0 | CZ33: 0 | DA33: 0 | DB33: 0 | DC33: 0 | DD33: 0 | DE33: 0 | DF33: 0 | DG33: 0 | DH33: 0 | DI33: 0 | DJ33: 0 | DK33: 0 | DL33: 0 | DM33: 0 | DN33: 0 | DO33: 0 | DP33: 0 | DQ33: 0 | DR33: 0 | DS33: 0 | DT33: 0 | DU33: 0 | DV33: 0 | DW33: 0 | DX33: 0 | DY33: 0 | DZ33: 0 | EA33: 0 | EB33: 0 | EC33: 0 | ED33: 0 | EE33: 0 | EF33: 0 | EG33: 0 | EH33: 3.375 | EI33: {=VLOOKUP(A33,'Opponent List'!$A1:$P137,16,FALSE)} -> 0.19763089 | EJ33: 3.5726018
A34: Florida | B34: 0 | C34: 0 | D34: 0 | E34: 0 | F34: 0 | G34: 0 | H34: 0 | I34: 0 | J34: 0 | K34: 0 | L34: 0 | M34: 0 | N34: 0 | O34: 0 | P34: 0 | Q34: 0 | R34: 1.125 | S34: 0 | T34: 0 | U34: 0 | V34: 0 | W34: 0 | X34: 0 | Y34: 0 | Z34: 0 | AA34: 0 | AB34: 0 | AC34: 0 | AD34: 0.875 | AE34: 0 | AF34: 0 | AG34: 0 | AH34: 0 | AI34: 0 | AJ34: 0 | AK34: 0 | AL34: 0 | AM34: 0 | AN34: 0 | AO34: 0 | AP34: 0 | AQ34: 0 | AR34: 0 | AS34: 0 | AT34: 0 | AU34: 0 | AV34: 0 | AW34: 0 | AX34: 0 | AY34: 0 | AZ34: 0 | BA34: 0 | BB34: 0 | BC34: 0 | BD34: 0 | BE34: 0 | BF34: 0 | BG34: 0 | BH34: 0 | BI34: 0 | BJ34: 0 | BK34: 0 | BL34: 0 | BM34: 0 | BN34: 0 | BO34: 0 | BP34: 0 | BQ34: 0 | BR34: 0 | BS34: 0 | BT34: 0 | BU34: 0 | BV34: 0.875 | BW34: 0 | BX34: 0.875 | BY34: 0 | BZ34: 0 | CA34: 0 | CB34: 0 | CC34: 0 | CD34: 0 | CE34: 0 | CF34: 0 | CG34: 0 | CH34: 1.125 | CI34: 0 | CJ34: 0 | CK34: 0.875 | CL34: 0 | CM34: 0 | CN34: 0 | CO34: 0 | CP34: 0 | CQ34: 0 | CR34: 0 | CS34: 0 | CT34: 0 | CU34: 1.125 | CV34: 0 | CW34: 0 | CX34: 0 | CY34: 0 | CZ34: 0 | DA34: 0 | DB34: 0 | DC34: 0 | DD34: 0 | DE34: 0 | DF34: 0 | DG34: 0 | DH34: 0 | DI34: 0 | DJ34: 0 | DK34: 0 | DL34: 0 | DM34: 0 | DN34: 0 | DO34: 0 | DP34: 0 | DQ34: 0 | DR34: 0 | DS34: 0 | DT34: 0 | DU34: 0 | DV34: 0 | DW34: 0 | DX34: 0 | DY34: 0 | DZ34: 0 | EA34: 0 | EB34: 0 | EC34: 0 | ED34: 0 | EE34: 0 | EF34: 0 | EG34: 0 | EH34: 6.875 | EI34: {=VLOOKUP(A34,'Opponent List'!$A1:$P137,16,FALSE)} -> 0.016794143 | EJ34: 6.8918867
A35: Fresno St | B35: 0 | C35: 0 | D35: 0 | E35: 0 | F35: 0 | G35: 0 | H35: 0 | I35: 0 | J35: 0 | K35: 0 | L35: 0 | M35: 0 | N35: 0 | O35: 0 | P35: 0 | Q35: 0 | R35: 0 | S35: 0 | T35: 0 | U35: 0 | V35: -0.875 | W35: 0 | X35: 0 | Y35: 0 | Z35: 0 | AA35: 0 | AB35: 0 | AC35: 0 | AD35: 0 | AE35: 0 | AF35: 0 | AG35: 0 | AH35: 0 | AI35: 0 | AJ35: 0 | AK35: 0 | AL35: 0 | AM35: 0 | AN35: 0 | AO35: 0 | AP35: 0 | AQ35: 0 | AR35: 0 | AS35: 0 | AT35: 0 | AU35: 0 | AV35: 0 | AW35: 0 | AX35: 0 | AY35: 0 | AZ35: 0 | BA35: 0 | BB35: 0 | BC35: 0 | BD35: 0 | BE35: -0.875 | BF35: 0 | BG35: 0 | BH35: 0 | BI35: 0 | BJ35: 0 | BK35: 0 | BL35: 0 | BM35: 0 | BN35: 0 | BO35: 0 | BP35: 0 | BQ35: 0 | BR35: 0 | BS35: 0 | BT35: 0 | BU35: -1.125 | BV35: 0 | BW35: 0 | BX35: 0 | BY35: 0 | BZ35: 0 | CA35: 0 | CB35: 1.125 | CC35: 0 | CD35: 0 | CE35: 0 | CF35: -1.125 | CG35: 0 | CH35: 0 | CI35: 0 | CJ35: 0 | CK35: 0 | CL35: 0 | CM35: 0 | CN35: 1.125 | CO35: 0 | CP35: 0 | CQ35: 0 | CR35: 0 | CS35: 0 | CT35: 0 | CU35: 0 | CV35: 0 | CW35: 0 | CX35: 0 | CY35: 0 | CZ35: 0 | DA35: 0 | DB35: 0 | DC35: 0 | DD35: 0 | DE35: 0 | DF35: 0 | DG35: 0 | DH35: 0 | DI35: 0 | DJ35: 0 | DK35: 0 | DL35: 0 | DM35: -0.875 | DN35: 0 | DO35: 0 | DP35: 0 | DQ35: 0 | DR35: 0 | DS35: 0 | DT35: 0 | DU35: 0 | DV35: 0 | DW35: 0 | DX35: 0 | DY35: 0 | DZ35: 0 | EA35: 0 | EB35: 0 | EC35: 0 | ED35: 0 | EE35: 0 | EF35: 0 | EG35: 0 | EH35: -2.625 | EI35: {=VLOOKUP(A35,'Opponent List'!$A1:$P137,16,FALSE)} -> -0.61706952 | EJ35: -3.2421483
A36: Georgia So | B36: 0 | C36: 0 | D36: 0 | E36: 0 | F36: 0 | G36: 0 | H36: 0 | I36: 0 | J36: 0 | K36: 0 | L36: 0 | M36: 0 | N36: 0 | O36: 0 | P36: 0 | Q36: 0 | R36: 0 | S36: -0.875 | T36: 0 | U36: 0 | V36: 0 | W36: 0 | X36: 0 | Y36: 0 | Z36: 0 | AA36: 0 | AB36: 0 | AC36: 0 | AD36: 0 | AE36: 0 | AF36: 0 | AG36: 0 | AH36: 0 | AI36: 0 | AJ36: 0 | AK36: 0 | AL36: 0 | AM36: 0 | AN36: 0 | AO36: 0 | AP36: 0 | AQ36: 0 | AR36: 0 | AS36: 0 | AT36: 0 | AU36: 0 | AV36: 0 | AW36: 0.875 | AX36: 0 | AY36: 0 | AZ36: 0 | BA36: 0 | BB36: 0 | BC36: 0 | BD36: 0 | BE36: 0 | BF36: 0 | BG36: 0 | BH36: -0.875 | BI36: 0 | BJ36: 0 | BK36: 0 | BL36: 0 | BM36: 0 | BN36: 0 | BO36: 0 | BP36: 0 | BQ36: 0 | BR36: 0 | BS36: 0 | BT36: 0 | BU36: 0 | BV36: 0 | BW36: 0 | BX36: 0 | BY36: 0 | BZ36: 0 | CA36: 0 | CB36: 0 | CC36: -0.875 | CD36: 0 | CE36: 0 | CF36: 0 | CG36: 0 | CH36: 0 | CI36: 0 | CJ36: 0 | CK36: 0 | CL36: 0 | CM36: 0 | CN36: 0.875 | CO36: 0 | CP36: 0 | CQ36: 0 | CR36: 0 | CS36: 0 | CT36: 0 | CU36: 0 | CV36: 0 | CW36: 0 | CX36: 0 | CY36: 0 | CZ36: 0 | DA36: 0 | DB36: 0 | DC36: 0 | DD36: 0 | DE36: 0 | DF36: -1.125 | DG36: 0 | DH36: 0 | DI36: 0 | DJ36: 0 | DK36: 0 | DL36: 0 | DM36: 0 | DN36: 0 | DO36: 0 | DP36: 0 | DQ36: 0 | DR36: -0.875 | DS36: 0 | DT36: 0 | DU36: 0 | DV36: 0 | DW36: 0 | DX36: 0 | DY36: 0 | DZ36: 0 | EA36: 0 | EB36: 0 | EC36: 0 | ED36: 0 | EE36: 0 | EF36: 0 | EG36: 0 | EH36: -2.875 | EI36: {=VLOOKUP(A36,'Opponent List'!$A1:$P137,16,FALSE)} -> 2.3368106 | EJ36: -0.53831982
A37: Georgia St | B37: 0 | C37: 0 | D37: 0 | E37: 0 | F37: 0 | G37: 0 | H37: 0 | I37: 0 | J37: 0 | K37: 0 | L37: -0.875 | M37: 0 | N37: 0 | O37: 0 | P37: 0 | Q37: 0 | R37: 0 | S37: -1.125 | T37: 0 | U37: 0 | V37: 0 | W37: 0 | X37: 0 | Y37: 0 | Z37: 0 | AA37: 0 | AB37: 0 | AC37: 0 | AD37: 0 | AE37: 0 | AF37: 0 | AG37: 0 | AH37: 0 | AI37: 0 | AJ37: 0 | AK37: 0 | AL37: 0 | AM37: 0 | AN37: 0 | AO37: 0 | AP37: 0 | AQ37: 0 | AR37: 0 | AS37: 0 | AT37: 0 | AU37: 0 | AV37: 0 | AW37: 0 | AX37: 0 | AY37: 0 | AZ37: 0 | BA37: 0 | BB37: 0 | BC37: 0 | BD37: 0 | BE37: 0 | BF37: 0 | BG37: 0 | BH37: 0 | BI37: 0 | BJ37: 0 | BK37: 0 | BL37: 0 | BM37: 0 | BN37: 0 | BO37: 0 | BP37: 0 | BQ37: 0 | BR37: 0 | BS37: 0 | BT37: 0 | BU37: 0 | BV37: 0 | BW37: -0.875 | BX37: 0 | BY37: 0 | BZ37: 0 | CA37: 0 | CB37: 0 | CC37: 0 | CD37: 0 | CE37: 0 | CF37: 0 | CG37: 0 | CH37: 0 | CI37: 0 | CJ37: 0 | CK37: 0 | CL37: 0 | CM37: 0 | CN37: 0 | CO37: 0 | CP37: -0.25 | CQ37: 0 | CR37: 0 | CS37: 0 | CT37: 0 | CU37: 0 | CV37: 0 | CW37: 0 | CX37: -0.875 | CY37: 0 | CZ37: -1.125 | DA37: 0 | DB37: 0 | DC37: 0 | DD37: 0 | DE37: 0 | DF37: 0 | DG37: 0 | DH37: 0 | DI37: 0 | DJ37: 0 | DK37: 0 | DL37: 0 | DM37: 0 | DN37: 0 | DO37: 0 | DP37: 0 | DQ37: 0 | DR37: 0 | DS37: 0 | DT37: 0 | DU37: 0 | DV37: 0 | DW37: 0 | DX37: 0 | DY37: 0 | DZ37: 0 | EA37: 0 | EB37: 0 | EC37: 0 | ED37: 0 | EE37: 0 | EF37: 0 | EG37: 0 | EH37: -5.125 | EI37: {=VLOOKUP(A37,'Opponent List'!$A1:$P137,16,FALSE)} -> -0.43359088 | EJ37: -5.5585763
A38: Georgia Tech | B38: 0 | C38: 0 | D38: 0 | E38: 0 | F38: 0 | G38: 0.875 | H38: 0 | I38: 0 | J38: 0 | K38: 0 | L38: 0 | M38: 0 | N38: 0 | O38: 0 | P38: 0 | Q38: 0 | R38: 0 | S38: 0 | T38: 0 | U38: 0 | V38: 0 | W38: 0 | X38: 0 | Y38: 0 | Z38: 1.125 | AA38: 0 | AB38: 0 | AC38: 0 | AD38: 0 | AE38: 0 | AF38: 0 | AG38: 0 | AH38: 0 | AI38: 0 | AJ38: 0 | AK38: 0 | AL38: 0 | AM38: 0 | AN38: 0 | AO38: 0 | AP38: 0 | AQ38: 0 | AR38: 0 | AS38: 0 | AT38: 0 | AU38: 0.875 | AV38: 0 | AW38: 0 | AX38: 0 | AY38: 0 | AZ38: 0 | BA38: 0 | BB38: 0 | BC38: 0 | BD38: 0 | BE38: 0 | BF38: 0 | BG38: 0 | BH38: 0 | BI38: 0 | BJ38: 0 | BK38: 0 | BL38: 0 | BM38: 0 | BN38: 0 | BO38: -0.875 | BP38: 0 | BQ38: 0 | BR38: 0 | BS38: 0 | BT38: 0 | BU38: 0 | BV38: 0 | BW38: 0 | BX38: 0.875 | BY38: 0 | BZ38: 0 | CA38: 0 | CB38: 0 | CC38: 0 | CD38: 0 | CE38: 0 | CF38: 0 | CG38: 0 | CH38: 0 | CI38: 0 | CJ38: 0 | CK38: 0 | CL38: 0 | CM38: 0 | CN38: 0 | CO38: 0 | CP38: 0 | CQ38: 0 | CR38: 0 | CS38: 0 | CT38: 0 | CU38: 0 | CV38: 0 | CW38: 0.875 | CX38: 0 | CY38: 0 | CZ38: 0 | DA38: 0 | DB38: 0 | DC38: 0 | DD38: 0 | DE38: 0 | DF38: 0 | DG38: 0 | DH38: 0 | DI38: 0 | DJ38: 0 | DK38: 0 | DL38: 0 | DM38: 0 | DN38: 0 | DO38: 0 | DP38: 0 | DQ38: 0 | DR38: 0 | DS38: 0 | DT38: 1.125 | DU38: 0 | DV38: 0 | DW38: 0 | DX38: 0 | DY38: 0 | DZ38: 0 | EA38: 0 | EB38: 0 | EC38: 0 | ED38: 0 | EE38: 0 | EF38: 0 | EG38: 0 | EH38: 4.875 | EI38: {=VLOOKUP(A38,'Opponent List'!$A1:$P137,16,FALSE)} -> -0.87087939 | EJ38: 4.0043546
A39: Georgia | B39: 0 | C39: 0 | D39: 0 | E39: 0 | F39: 1.125 | G39: 0 | H39: 0 | I39: 0 | J39: 0 | K39: 0 | L39: 0 | M39: 0 | N39: 0 | O39: 0 | P39: 0 | Q39: 0 | R39: 0 | S39: 0 | T39: 0 | U39: 0 | V39: 0 | W39: 1.125 | X39: 0 | Y39: 0 | Z39: 0 | AA39: 0 | AB39: 0 | AC39: 0 | AD39: 0 | AE39: 0 | AF39: 0 | AG39: 0 | AH39: 0 | AI39: 0 | AJ39: 0 | AK39: 0 | AL39: 0 | AM39: 0 | AN39: 0 | AO39: 0 | AP39: 0 | AQ39: 0 | AR39: 0 | AS39: -0.875 | AT39: 0 | AU39: 0 | AV39: 0 | AW39: 0 | AX39: 0 | AY39: 0 | AZ39: 0 | BA39: 0.875 | BB39: 0 | BC39: 0 | BD39: 0 | BE39: 0 | BF39: 0 | BG39: 0 | BH39: 0 | BI39: 0 | BJ39: 0 | BK39: 0 | BL39: 0 | BM39: 0 | BN39: 0 | BO39: 0 | BP39: 0 | BQ39: 0 | BR39: -1.125 | BS39: 0 | BT39: 0 | BU39: 0 | BV39: 0 | BW39: 0 | BX39: 0 | BY39: 0 | BZ39: 0 | CA39: 0 | CB39: 0 | CC39: 0 | CD39: 0 | CE39: 0 | CF39: 0 | CG39: 0 | CH39: 0 | CI39: 0 | CJ39: 0 | CK39: 0 | CL39: 0 | CM39: 0 | CN39: 0 | CO39: 0 | CP39: 0 | CQ39: 1.125 | CR39: 0 | CS39: 0 | CT39: 0 | CU39: 0 | CV39: 0 | CW39: 0 | CX39: 0 | CY39: 0 | CZ39: 0 | DA39: 0 | DB39: 0 | DC39: 0 | DD39: 0 | DE39: 0 | DF39: 0 | DG39: 0 | DH39: 0 | DI39: 0 | DJ39: 0 | DK39: 0 | DL39: 0 | DM39: 0 | DN39: 0 | DO39: 0 | DP39: 0 | DQ39: 0 | DR39: 0 | DS39: 0 | DT39: 0 | DU39: 0 | DV39: 0 | DW39: 0 | DX39: 0 | DY39: 0 | DZ39: 0 | EA39: 0.875 | EB39: 0 | EC39: 0 | ED39: 0 | EE39: 0 | EF39: 0 | EG39: 0 | EH39: 3.125 | EI39: {=VLOOKUP(A39,'Opponent List'!$A1:$P137,16,FALSE)} -> 2.4662088 | EJ39: 5.591297
A40: Hawai'i | B40: 0 | C40: 0 | D40: 0 | E40: 0 | F40: 0 | G40: -0.875 | H40: 0 | I40: -1.125 | J40: 0 | K40: 0 | L40: 0 | M40: 0 | N40: 0 | O40: 0 | P40: 0 | Q40: 0 | R40: 0 | S40: 0 | T40: 0 | U40: 0 | V40: 0 | W40: 0 | X40: 0 | Y40: 0 | Z40: 0 | AA40: 0 | AB40: 0 | AC40: 0 | AD40: 0 | AE40: 0 | AF40: 0 | AG40: 0 | AH40: 0 | AI40: 0 | AJ40: 0 | AK40: 0 | AL40: 0 | AM40: 0 | AN40: 0 | AO40: 0 | AP40: 0 | AQ40: 0 | AR40: 0 | AS40: 0 | AT40: 0 | AU40: 0 | AV40: 0 | AW40: 0 | AX40: 0 | AY40: 0 | AZ40: 0 | BA40: 0 | BB40: 0 | BC40: 0 | BD40: 0 | BE40: 0 | BF40: 0 | BG40: 0 | BH40: 0 | BI40: 0 | BJ40: 0 | BK40: 0 | BL40: 0 | BM40: 0 | BN40: 0 | BO40: 0 | BP40: 0 | BQ40: 0 | BR40: 0 | BS40: 0 | BT40: 0 | BU40: 0 | BV40: 0 | BW40: -1.125 | BX40: 0 | BY40: 0 | BZ40: 0 | CA40: 0 | CB40: 0 | CC40: 0 | CD40: -1.125 | CE40: 0 | CF40: 0 | CG40: 0 | CH40: 0 | CI40: 1.125 | CJ40: 0 | CK40: 0 | CL40: 0 | CM40: 0 | CN40: 0 | CO40: 0 | CP40: 0 | CQ40: -1.125 | CR40: 0 | CS40: 0 | CT40: 0 | CU40: 0 | CV40: 0 | CW40: 0 | CX40: 0 | CY40: 0 | CZ40: 0.875 | DA40: 0 | DB40: 0 | DC40: 0 | DD40: 0 | DE40: 0 | DF40: 0 | DG40: 0 | DH40: 0 | DI40: 0 | DJ40: 0 | DK40: 0 | DL40: 0 | DM40: 0 | DN40: 0 | DO40: 0 | DP40: 0 | DQ40: 0 | DR40: 0 | DS40: 0 | DT40: 0 | DU40: 0 | DV40: 0 | DW40: 0 | DX40: 0 | DY40: 0 | DZ40: 0 | EA40: 0 | EB40: 0 | EC40: 0 | ED40: 0 | EE40: 0 | EF40: 0 | EG40: 0 | EH40: -3.375 | EI40: {=VLOOKUP(A40,'Opponent List'!$A1:$P137,16,FALSE)} -> 1.3248614 | EJ40: -2.0501371
A41: Houston | B41: 0 | C41: 0 | D41: 0 | E41: 0 | F41: 0 | G41: 0 | H41: 0 | I41: 0 | J41: 0 | K41: 0 | L41: 0 | M41: 0 | N41: 0 | O41: 0 | P41: -0.875 | Q41: 0 | R41: 0 | S41: 0 | T41: 0 | U41: 0 | V41: 0 | W41: 0 | X41: 0 | Y41: 0 | Z41: 0 | AA41: 0 | AB41: 0 | AC41: 0 | AD41: -1.125 | AE41: 0 | AF41: 0 | AG41: 0 | AH41: 0 | AI41: 0 | AJ41: 0 | AK41: 0 | AL41: 0 | AM41: 0 | AN41: 0 | AO41: 0 | AP41: 0 | AQ41: -1.125 | AR41: 0 | AS41: 0 | AT41: 0 | AU41: 0 | AV41: 0 | AW41: 0 | AX41: 0 | AY41: 0 | AZ41: 0 | BA41: 0 | BB41: 0 | BC41: 0 | BD41: 0 | BE41: 0 | BF41: 0 | BG41: 0 | BH41: 0 | BI41: 0 | BJ41: 0 | BK41: 0 | BL41: 0 | BM41: 0 | BN41: 0 | BO41: 0 | BP41: 0 | BQ41: 0 | BR41: 0 | BS41: 0 | BT41: 0 | BU41: 0 | BV41: 0 | BW41: 0 | BX41: 0 | BY41: 0 | BZ41: 0 | CA41: 0.875 | CB41: 0 | CC41: 0 | CD41: 0 | CE41: 0 | CF41: 0 | CG41: 0 | CH41: 0 | CI41: 0 | CJ41: 0 | CK41: 0 | CL41: 0 | CM41: 0 | CN41: 0 | CO41: 0 | CP41: 0 | CQ41: 0 | CR41: 0 | CS41: 0 | CT41: 0 | CU41: 0 | CV41: 0 | CW41: 0 | CX41: 0 | CY41: 0 | CZ41: 0 | DA41: 0 | DB41: -1.125 | DC41: 0 | DD41: 0 | DE41: 0 | DF41: 0 | DG41: 0 | DH41: -0.875 | DI41: 0 | DJ41: 0 | DK41: 0 | DL41: 0 | DM41: 0 | DN41: 0 | DO41: 0 | DP41: 0 | DQ41: 0 | DR41: 0 | DS41: 0 | DT41: 0 | DU41: 0 | DV41: 0 | DW41: 0 | DX41: 0 | DY41: 0 | DZ41: 0.875 | EA41: 0 | EB41: 0 | EC41: 0 | ED41: 0 | EE41: 0 | EF41: 0 | EG41: 0 | EH41: -3.375 | EI41: {=VLOOKUP(A41,'Opponent List'!$A1:$P137,16,FALSE)} -> -0.46154059 | EJ41: -3.8364334
A42: Illinois | B42: 0 | C42: 0 | D42: 0 | E42: 0 | F42: 0 | G42: 0 | H42: 0 | I42: 0 | J42: 0.875 | K42: 0 | L42: 0 | M42: 0 | N42: 0 | O42: 0 | P42: 0 | Q42: 0 | R42: 0 | S42: 0 | T42: 0 | U42: 0 | V42: 0 | W42: 0 | X42: 0 | Y42: 0 | Z42: 0 | AA42: 0 | AB42: 0 | AC42: 0 | AD42: 0 | AE42: 0 | AF42: 0 | AG42: 0.875 | AH42: 0 | AI42: 0 | AJ42: 0 | AK42: 0 | AL42: 0 | AM42: 0 | AN42: 0 | AO42: 0 | AP42: 0 | AQ42: 0 | AR42: 0 | AS42: 0 | AT42: 0 | AU42: 0 | AV42: 0 | AW42: 0 | AX42: 0 | AY42: 0 | AZ42: 0 | BA42: 0 | BB42: 0 | BC42: 0 | BD42: 0 | BE42: 0 | BF42: 0 | BG42: 0 | BH42: 0 | BI42: 0 | BJ42: 0 | BK42: 0 | BL42: 0 | BM42: 0 | BN42: 0 | BO42: 0 | BP42: 0 | BQ42: 0 | BR42: 0 | BS42: 0 | BT42: 0 | BU42: 0.875 | BV42: -0.875 | BW42: 0 | BX42: 1.125 | BY42: 0 | BZ42: 0 | CA42: 0 | CB42: 0 | CC42: 0 | CD42: 0 | CE42: 0 | CF42: 0 | CG42: 0 | CH42: 0 | CI42: 0 | CJ42: 0 | CK42: 0 | CL42: 0 | CM42: 0 | CN42: 0 | CO42: 0 | CP42: 1.125 | CQ42: 0 | CR42: 0 | CS42: 0 | CT42: 0 | CU42: 0 | CV42: 0 | CW42: 0 | CX42: 0 | CY42: 0 | CZ42: 0 | DA42: 1.125 | DB42: 0 | DC42: 0 | DD42: 0 | DE42: 0 | DF42: 0 | DG42: 0 | DH42: 0 | DI42: 0 | DJ42: 0 | DK42: 0 | DL42: 0 | DM42: 0 | DN42: 0 | DO42: 0 | DP42: 0 | DQ42: 0 | DR42: 0 | DS42: 0 | DT42: 0 | DU42: 0 | DV42: 0 | DW42: 0 | DX42: 0 | DY42: 0 | DZ42: 0 | EA42: 0 | EB42: 0 | EC42: 0 | ED42: 0 | EE42: 0 | EF42: 0 | EG42: 0 | EH42: 5.125 | EI42: {=VLOOKUP(A42,'Opponent List'!$A1:$P137,16,FALSE)} -> -0.53181789 | EJ42: 4.5934518
A43: Indiana | B43: 0 | C43: 0 | D43: 0 | E43: 0 | F43: 0 | G43: 0 | H43: 0 | I43: -1.125 | J43: 0 | K43: 0 | L43: 0 | M43: 1.125 | N43: 0 | O43: 0 | P43: 0 | Q43: 0.875 | R43: 0 | S43: 0 | T43: 0 | U43: 0 | V43: 0 | W43: 0 | X43: 0 | Y43: 0 | Z43: 0 | AA43: 0 | AB43: 0 | AC43: 0 | AD43: 0.875 | AE43: 0 | AF43: 0 | AG43: 0 | AH43: 0 | AI43: 0 | AJ43: 0 | AK43: 0 | AL43: 0 | AM43: 0 | AN43: 0 | AO43: 1.125 | AP43: 0 | AQ43: 0 | AR43: 0 | AS43: 0 | AT43: 0.875 | AU43: 0 | AV43: 0 | AW43: 0 | AX43: 0 | AY43: 0 | AZ43: 0 | BA43: 0 | BB43: 0 | BC43: 0 | BD43: 0 | BE43: 0 | BF43: 0 | BG43: 0 | BH43: 0 | BI43: 0 | BJ43: 0 | BK43: 0 | BL43: 0 | BM43: 0 | BN43: 0 | BO43: 0 | BP43: 0 | BQ43: 0 | BR43: 0 | BS43: 0 | BT43: 0 | BU43: 0 | BV43: 0 | BW43: 0 | BX43: 0 | BY43: 0 | BZ43: 0 | CA43: 0 | CB43: 0 | CC43: 0 | CD43: 0 | CE43: 0 | CF43: 0 | CG43: 0 | CH43: 0 | CI43: 0 | CJ43: 0 | CK43: 0 | CL43: 0 | CM43: 0 | CN43: 0 | CO43: 0 | CP43: 0 | CQ43: 0 | CR43: 0 | CS43: 0 | CT43: 0 | CU43: 0 | CV43: 0 | CW43: 0 | CX43: 0 | CY43: 0 | CZ43: 0 | DA43: 0 | DB43: 0 | DC43: 0 | DD43: 0 | DE43: 0 | DF43: 0 | DG43: 0 | DH43: 0.875 | DI43: 0 | DJ43: 0 | DK43: 0 | DL43: 0 | DM43: 0 | DN43: 0 | DO43: 0 | DP43: 0 | DQ43: 0 | DR43: 0 | DS43: 0 | DT43: 0 | DU43: 0 | DV43: 0 | DW43: 0 | DX43: 0 | DY43: 0 | DZ43: 0 | EA43: 0 | EB43: 0 | EC43: 0 | ED43: 0 | EE43: 0 | EF43: 0 | EG43: 0 | EH43: 4.625 | EI43: {=VLOOKUP(A43,'Opponent List'!$A1:$P137,16,FALSE)} -> -3.8650049 | EJ43: 0.75991913
A44: Iowa St | B44: 0 | C44: 0 | D44: 0 | E44: 0 | F44: 0 | G44: 0 | H44: 0 | I44: 0 | J44: 0 | K44: 0 | L44: 0 | M44: 0 | N44: 0 | O44: 0 | P44: 0 | Q44: 0 | R44: 0 | S44: 0 | T44: 0 | U44: 0.875 | V44: 0 | W44: 0 | X44: 0 | Y44: 0 | Z44: 0 | AA44: 0 | AB44: 0 | AC44: 0 | AD44: 0 | AE44: 0 | AF44: 0 | AG44: 0 | AH44: 0 | AI44: 0 | AJ44: 0 | AK44: 0 | AL44: 0 | AM44: 0 | AN44: 0 | AO44: 0 | AP44: 0 | AQ44: 0 | AR44: 0 | AS44: 0 | AT44: 0 | AU44: 0 | AV44: 0 | AW44: 0 | AX44: 0 | AY44: 0 | AZ44: 0 | BA44: 0 | BB44: 0 | BC44: 0 | BD44: 0 | BE44: 0 | BF44: 0 | BG44: 0 | BH44: 0 | BI44: 0 | BJ44: 0 | BK44: 0 | BL44: 0.875 | BM44: 0 | BN44: 0 | BO44: 0 | BP44: 0 | BQ44: 0 | BR44: 0 | BS44: 1.125 | BT44: 0 | BU44: 0 | BV44: 0 | BW44: 0 | BX44: 0 | BY44: 0 | BZ44: 0 | CA44: 0 | CB44: 0 | CC44: 0 | CD44: 0 | CE44: 0 | CF44: 0 | CG44: 0 | CH44: 0 | CI44: 0 | CJ44: 0 | CK44: 0 | CL44: 0 | CM44: 1.125 | CN44: 0 | CO44: 0 | CP44: 0 | CQ44: 0 | CR44: 0 | CS44: 0 | CT44: 0 | CU44: 0 | CV44: 0 | CW44: 0 | CX44: 0 | CY44: 0 | CZ44: 0 | DA44: 0 | DB44: 0 | DC44: 0 | DD44: 0 | DE44: 0 | DF44: -1.75 | DG44: 0 | DH44: 0 | DI44: 0 | DJ44: 0 | DK44: 0 | DL44: 0 | DM44: 0 | DN44: 0 | DO44: 0 | DP44: 0 | DQ44: 0 | DR44: 0 | DS44: 0 | DT44: 0 | DU44: 0 | DV44: 0 | DW44: 0 | DX44: 0 | DY44: 0 | DZ44: 0 | EA44: 0 | EB44: 0 | EC44: 0 | ED44: 0 | EE44: 0 | EF44: 1.125 | EG44: 0 | EH44: 3.375 | EI44: {=VLOOKUP(A44,'Opponent List'!$A1:$P137,16,FALSE)} -> 1.026906 | EJ44: 4.401892
A45: Iowa | B45: 0 | C45: 1.125 | D45: 0 | E45: 0 | F45: 0 | G45: 0 | H45: 0 | I45: 0 | J45: 0 | K45: 0 | L45: 0 | M45: 0 | N45: 0.875 | O45: 0 | P45: 0 | Q45: 0 | R45: 0 | S45: 0 | T45: 0 | U45: 0 | V45: 0 | W45: 0 | X45: 0 | Y45: 0 | Z45: 0 | AA45: 0 | AB45: 0 | AC45: 0 | AD45: 0 | AE45: 0 | AF45: 0 | AG45: 0 | AH45: 0 | AI45: 0 | AJ45: 0 | AK45: 0 | AL45: 0 | AM45: 0.875 | AN45: 0 | AO45: 0 | AP45: 0 | AQ45: 0 | AR45: 0 | AS45: 0 | AT45: 0 | AU45: 0 | AV45: 0 | AW45: 0 | AX45: 0 | AY45: 0 | AZ45: 0 | BA45: -1.125 | BB45: 0 | BC45: 0 | BD45: 0 | BE45: 0 | BF45: 0 | BG45: 0 | BH45: 0 | BI45: 0 | BJ45: 0 | BK45: 0 | BL45: 0 | BM45: 0 | BN45: 0 | BO45: 0 | BP45: 0 | BQ45: 0 | BR45: 0 | BS45: 0 | BT45: 0 | BU45: 0 | BV45: 0 | BW45: 0 | BX45: 0 | BY45: 0 | BZ45: 0 | CA45: 0 | CB45: 0 | CC45: 0 | CD45: 0 | CE45: 0 | CF45: 0 | CG45: 0 | CH45: 0 | CI45: 0 | CJ45: 0 | CK45: 0 | CL45: 0 | CM45: 0 | CN45: 0 | CO45: 0 | CP45: 0 | CQ45: 0 | CR45: 0 | CS45: 0 | CT45: 0 | CU45: 0 | CV45: -0.875 | CW45: 0 | CX45: 0 | CY45: 0 | CZ45: 0 | DA45: 0 | DB45: 0 | DC45: 0 | DD45: 0 | DE45: 0 | DF45: 0 | DG45: 0 | DH45: 0 | DI45: 0 | DJ45: 0 | DK45: 0 | DL45: 0 | DM45: 0 | DN45: 0 | DO45: 0 | DP45: 0 | DQ45: 0 | DR45: 0 | DS45: 0 | DT45: 0 | DU45: 1.125 | DV45: 0 | DW45: 0 | DX45: 0 | DY45: 0 | DZ45: 0 | EA45: 0.875 | EB45: 0 | EC45: 0 | ED45: 0 | EE45: 0 | EF45: 0 | EG45: 0 | EH45: 2.875 | EI45: {=VLOOKUP(A45,'Opponent List'!$A1:$P137,16,FALSE)} -> -0.096008373 | EJ45: 2.7790891
A46: J Madison | B46: 0 | C46: 0 | D46: -0.875 | E46: 0 | F46: 0 | G46: 0 | H46: 0 | I46: 0 | J46: 0 | K46: 0 | L46: 0 | M46: 0 | N46: 0 | O46: 0 | P46: 0 | Q46: 0 | R46: 0 | S46: 0 | T46: 0 | U46: 0 | V46: 0 | W46: 0 | X46: 0 | Y46: 0 | Z46: 0 | AA46: 0 | AB46: 0 | AC46: 0 | AD46: 0 | AE46: 0 | AF46: 0 | AG46: 0 | AH46: 0 | AI46: 0 | AJ46: 0 | AK46: 0 | AL46: 0 | AM46: 0 | AN46: 0 | AO46: 0 | AP46: 0 | AQ46: -0.875 | AR46: 0 | AS46: 0 | AT46: 0 | AU46: 0 | AV46: 0 | AW46: 0 | AX46: 0 | AY46: 0 | AZ46: 0 | BA46: 0 | BB46: 0 | BC46: 0 | BD46: 0 | BE46: 0 | BF46: 0 | BG46: 0 | BH46: 0 | BI46: 0 | BJ46: 0 | BK46: 0 | BL46: -0.875 | BM46: 0.875 | BN46: 0 | BO46: 0 | BP46: 0 | BQ46: 0 | BR46: -1.125 | BS46: 0 | BT46: 0 | BU46: 0 | BV46: 0 | BW46: 0 | BX46: 0 | BY46: 0 | BZ46: 0 | CA46: 0 | CB46: -0.875 | CC46: 0 | CD46: 0 | CE46: 0 | CF46: 0 | CG46: -1.125 | CH46: 0 | CI46: 0 | CJ46: 0 | CK46: 0 | CL46: 0 | CM46: 0 | CN46: 0 | CO46: 0 | CP46: 0 | CQ46: 0 | CR46: 0 | CS46: 0 | CT46: 0 | CU46: 0 | CV46: 0 | CW46: 0 | CX46: 0 | CY46: 0 | CZ46: 0 | DA46: 0 | DB46: 0 | DC46: 0 | DD46: 0 | DE46: 0 | DF46: 0 | DG46: 0 | DH46: 0 | DI46: 0 | DJ46: 0 | DK46: 0 | DL46: 0 | DM46: 0 | DN46: 0 | DO46: 0 | DP46: 0 | DQ46: 0 | DR46: 0 | DS46: 0 | DT46: 0 | DU46: 0 | DV46: 0 | DW46: 0 | DX46: 0 | DY46: 0 | DZ46: 0 | EA46: 0 | EB46: 0 | EC46: 0 | ED46: 0 | EE46: 0 | EF46: 0 | EG46: 0 | EH46: -4.875 | EI46: {=VLOOKUP(A46,'Opponent List'!$A1:$P137,16,FALSE)} -> 1.5742638 | EJ46: -3.3005883
A47: Jacksonville St | B47: 0 | C47: 0 | D47: 0 | E47: 0 | F47: 0 | G47: 0 | H47: 0 | I47: 0 | J47: 0 | K47: 0 | L47: 0 | M47: 0 | N47: 0 | O47: 0 | P47: 0 | Q47: 0 | R47: 0 | S47: 0 | T47: -0.875 | U47: 0 | V47: 0 | W47: 0 | X47: 0 | Y47: 0 | Z47: 0 | AA47: 0 | AB47: -0.875 | AC47: 1.125 | AD47: 0 | AE47: 0 | AF47: 0 | AG47: 0 | AH47: 0 | AI47: 0 | AJ47: 0 | AK47: 0 | AL47: -0.875 | AM47: 0 | AN47: 0 | AO47: 0 | AP47: 0 | AQ47: 0 | AR47: 0 | AS47: 0 | AT47: 0 | AU47: 0 | AV47: 0 | AW47: 0 | AX47: 0 | AY47: 0 | AZ47: 0 | BA47: 0 | BB47: 0 | BC47: 0 | BD47: 0 | BE47: 0 | BF47: 0 | BG47: 0 | BH47: 0 | BI47: 0 | BJ47: 0 | BK47: 0 | BL47: 0 | BM47: 0 | BN47: 0 | BO47: 0 | BP47: 0 | BQ47: -1.125 | BR47: 0 | BS47: 0 | BT47: 0 | BU47: 0 | BV47: 0 | BW47: 0 | BX47: 0 | BY47: 0 | BZ47: 0 | CA47: 0 | CB47: 0 | CC47: 0 | CD47: 0 | CE47: 0 | CF47: 0 | CG47: 0 | CH47: 0 | CI47: 0 | CJ47: 0 | CK47: 0 | CL47: 0 | CM47: 0 | CN47: 0 | CO47: 0 | CP47: 0 | CQ47: 0 | CR47: 0 | CS47: 0 | CT47: 0 | CU47: 0 | CV47: 0 | CW47: 0 | CX47: 0 | CY47: 0 | CZ47: -0.875 | DA47: 0 | DB47: 0 | DC47: 0 | DD47: 0 | DE47: 0 | DF47: 0 | DG47: 0 | DH47: 0 | DI47: 0 | DJ47: 0 | DK47: 0 | DL47: 0 | DM47: -0.875 | DN47: 0 | DO47: 0 | DP47: 0 | DQ47: 0 | DR47: 0 | DS47: 0 | DT47: 0 | DU47: 0 | DV47: 0 | DW47: 0 | DX47: 0 | DY47: 0 | DZ47: 0 | EA47: 0 | EB47: 0 | EC47: 0 | ED47: 0 | EE47: 0 | EF47: 0 | EG47: 0 | EH47: -4.375 | EI47: {=VLOOKUP(A47,'Opponent List'!$A1:$P137,16,FALSE)} -> 1.0936963 | EJ47: -3.2813561
A48: Kansas St | B48: 0 | C48: 0 | D48: 0 | E48: 0 | F48: 0 | G48: 0 | H48: 0 | I48: 0 | J48: 0 | K48: 0 | L48: 0 | M48: 0 | N48: 0 | O48: 0 | P48: 0 | Q48: 0 | R48: 0 | S48: 0 | T48: 0 | U48: 1.125 | V48: 0 | W48: 0 | X48: 0 | Y48: 0 | Z48: 0 | AA48: 0 | AB48: 0 | AC48: 0 | AD48: 0 | AE48: 0.875 | AF48: 0 | AG48: -0.875 | AH48: 0 | AI48: 0 | AJ48: 0 | AK48: 0 | AL48: 0 | AM48: 0 | AN48: 0 | AO48: 0 | AP48: 0 | AQ48: 0 | AR48: 0 | AS48: 0 | AT48: 0 | AU48: 0 | AV48: 0 | AW48: 0 | AX48: 0.875 | AY48: 0 | AZ48: 0 | BA48: 0 | BB48: 0 | BC48: 0 | BD48: 0 | BE48: 0 | BF48: 0 | BG48: 0 | BH48: 0 | BI48: 0 | BJ48: -1.125 | BK48: 0 | BL48: 0 | BM48: 0 | BN48: 0 | BO48: 0 | BP48: 0 | BQ48: 0 | BR48: 0 | BS48: 0 | BT48: 0 | BU48: 0 | BV48: 0 | BW48: 0 | BX48: 0 | BY48: 0 | BZ48: -0.875 | CA48: 0 | CB48: 0 | CC48: 0 | CD48: 0 | CE48: 0 | CF48: 0 | CG48: 0 | CH48: 0 | CI48: 0 | CJ48: 0 | CK48: 0 | CL48: 0 | CM48: 0 | CN48: 0 | CO48: 0 | CP48: 0 | CQ48: 0 | CR48: 0 | CS48: 0 | CT48: 0 | CU48: 0 | CV48: 0 | CW48: 0 | CX48: 0 | CY48: 0 | CZ48: 0 | DA48: 0 | DB48: 0 | DC48: 0 | DD48: 0 | DE48: 0 | DF48: 0 | DG48: 0 | DH48: 0 | DI48: 0 | DJ48: 0 | DK48: 1.125 | DL48: 0 | DM48: 0 | DN48: 0 | DO48: 0 | DP48: 0 | DQ48: 0 | DR48: 0 | DS48: 0 | DT48: 0 | DU48: 0 | DV48: 0 | DW48: 0 | DX48: 0 | DY48: 0 | DZ48: 0 | EA48: 0 | EB48: 0 | EC48: 0 | ED48: 0 | EE48: 0 | EF48: 0 | EG48: 0 | EH48: 1.125 | EI48: {=VLOOKUP(A48,'Opponent List'!$A1:$P137,16,FALSE)} -> -0.84940595 | EJ48: 0.27567816
A49: Kansas | B49: 0 | C49: 0 | D49: 0 | E49: 0 | F49: 0 | G49: 0 | H49: 0 | I49: 0 | J49: 0 | K49: 0 | L49: 0 | M49: 0 | N49: 0 | O49: 0 | P49: 0 | Q49: 0 | R49: 0 | S49: 0 | T49: 0 | U49: 0 | V49: 0 | W49: 0 | X49: 0 | Y49: 1.125 | Z49: 0 | AA49: 0 | AB49: 0 | AC49: 0 | AD49: 0 | AE49: 0 | AF49: 0 | AG49: 0 | AH49: 0 | AI49: 0 | AJ49: -0.875 | AK49: 0 | AL49: 0 | AM49: 0 | AN49: 0 | AO49: 0 | AP49: 0 | AQ49: 0 | AR49: 0 | AS49: 0 | AT49: 0 | AU49: 0 | AV49: 0 | AW49: 0 | AX49: 0 | AY49: 0 | AZ49: 0 | BA49: 0 | BB49: 0 | BC49: 0 | BD49: 0 | BE49: 0 | BF49: 0 | BG49: 0 | BH49: 0.875 | BI49: 0 | BJ49: 0 | BK49: 0 | BL49: 0 | BM49: 0 | BN49: 0 | BO49: 0 | BP49: 0.875 | BQ49: 1.125 | BR49: 0 | BS49: 0 | BT49: 0 | BU49: 0 | BV49: 0 | BW49: 0 | BX49: 0 | BY49: 0 | BZ49: 0 | CA49: 0 | CB49: 0 | CC49: 0 | CD49: 0.875 | CE49: 0 | CF49: 0 | CG49: -0.875 | CH49: 0 | CI49: 0 | CJ49: 0 | CK49: 0 | CL49: 0 | CM49: 0 | CN49: 0 | CO49: 0 | CP49: 0 | CQ49: 0 | CR49: 0 | CS49: 0 | CT49: 0 | CU49: 0 | CV49: 0 | CW49: 0 | CX49: 0 | CY49: 0 | CZ49: 0 | DA49: 0 | DB49: 0 | DC49: 0 | DD49: 0 | DE49: 0 | DF49: 0 | DG49: 0 | DH49: 0 | DI49: 0 | DJ49: 0 | DK49: 0 | DL49: 0 | DM49: 0 | DN49: 0 | DO49: 0 | DP49: 0 | DQ49: 0 | DR49: 0 | DS49: 0 | DT49: 0 | DU49: 0 | DV49: 0 | DW49: 0 | DX49: 0 | DY49: 0 | DZ49: 0 | EA49: 0 | EB49: 0 | EC49: 0 | ED49: 0 | EE49: 0 | EF49: 0 | EG49: 0 | EH49: 3.125 | EI49: {=VLOOKUP(A49,'Opponent List'!$A1:$P137,16,FALSE)} -> 1.453751 | EJ49: 4.578754
A50: Kennesaw St | B50: 0 | C50: 0 | D50: 0 | E50: 0 | F50: 0 | G50: 0 | H50: 0 | I50: -0.25 | J50: 0 | K50: 0 | L50: 0 | M50: 0 | N50: 0 | O50: 0 | P50: 0 | Q50: 0 | R50: 0 | S50: 0 | T50: 0 | U50: 0 | V50: 0 | W50: 0 | X50: 0 | Y50: 0 | Z50: 0 | AA50: 0 | AB50: 0 | AC50: 0 | AD50: 0 | AE50: 0 | AF50: 0 | AG50: 0 | AH50: 0 | AI50: 0 | AJ50: 0 | AK50: 0 | AL50: 0 | AM50: 0 | AN50: 0 | AO50: 0 | AP50: 0 | AQ50: 0 | AR50: 0 | AS50: 0 | AT50: 0 | AU50: 0 | AV50: -0.875 | AW50: 0 | AX50: 0 | AY50: 0 | AZ50: 0 | BA50: 0 | BB50: 0 | BC50: 0 | BD50: 0 | BE50: 0 | BF50: 0 | BG50: 0 | BH50: 0 | BI50: 0 | BJ50: 0 | BK50: 0 | BL50: 0 | BM50: 0 | BN50: 0 | BO50: 0 | BP50: 0 | BQ50: 0 | BR50: 0 | BS50: 0 | BT50: 0 | BU50: -0.875 | BV50: 0 | BW50: 0 | BX50: 0 | BY50: 0 | BZ50: 0 | CA50: 0 | CB50: 0 | CC50: 0 | CD50: 0 | CE50: 0 | CF50: 0 | CG50: 0 | CH50: 0 | CI50: 0 | CJ50: 0 | CK50: 0 | CL50: 0 | CM50: 0 | CN50: 0 | CO50: 0 | CP50: 0 | CQ50: 0 | CR50: 0 | CS50: 0 | CT50: 0 | CU50: 0 | CV50: 0 | CW50: 0 | CX50: 0 | CY50: 0 | CZ50: 0 | DA50: 0 | DB50: 0 | DC50: 0 | DD50: 0 | DE50: 0 | DF50: 0 | DG50: -1.125 | DH50: 0 | DI50: 0 | DJ50: 0 | DK50: 0 | DL50: 0 | DM50: 0 | DN50: 0 | DO50: 0 | DP50: 0 | DQ50: 0 | DR50: 0 | DS50: 0 | DT50: -1.125 | DU50: 0 | DV50: 0 | DW50: 0 | DX50: 0 | DY50: 0 | DZ50: 0 | EA50: 0 | EB50: 0 | EC50: 0 | ED50: 0 | EE50: -1.125 | EF50: 0 | EG50: 0 | EH50: -5.375 | EI50: {=VLOOKUP(A50,'Opponent List'!$A1:$P137,16,FALSE)} -> 1.3518881 | EJ50: -4.0232193
A51: Kent St | B51: 0 | C51: 0 | D51: 0 | E51: 0 | F51: 0 | G51: 0 | H51: 0 | I51: 0 | J51: 0 | K51: 0 | L51: -0.875 | M51: 0 | N51: 0 | O51: 0 | P51: 0 | Q51: 0 | R51: 0 | S51: 0 | T51: 0 | U51: 0 | V51: 0 | W51: 0 | X51: 0 | Y51: 0 | Z51: 0 | AA51: 0 | AB51: 0 | AC51: 0 | AD51: 0 | AE51: 0 | AF51: 0 | AG51: 0 | AH51: 0 | AI51: 0 | AJ51: 0 | AK51: 0 | AL51: 0 | AM51: 0 | AN51: 0 | AO51: 0 | AP51: 0 | AQ51: 0 | AR51: 0 | AS51: 0 | AT51: 0 | AU51: 0 | AV51: 0 | AW51: 0 | AX51: 0 | AY51: 0 | AZ51: 0 | BA51: 0 | BB51: 0 | BC51: 0 | BD51: 0 | BE51: 0 | BF51: -0.875 | BG51: -1.125 | BH51: 0 | BI51: 0 | BJ51: 0 | BK51: 0 | BL51: 0 | BM51: 0 | BN51: 0 | BO51: 0 | BP51: 0 | BQ51: 0 | BR51: 0 | BS51: 0 | BT51: 0 | BU51: 0 | BV51: 0 | BW51: 0 | BX51: 0 | BY51: 0 | BZ51: 0 | CA51: 0 | CB51: 0 | CC51: 0 | CD51: 0 | CE51: 0 | CF51: 0 | CG51: 0 | CH51: 0 | CI51: 0 | CJ51: 0 | CK51: 0 | CL51: -1.125 | CM51: 0 | CN51: 0 | CO51: 0 | CP51: 0 | CQ51: 0 | CR51: 0 | CS51: 0 | CT51: 0 | CU51: 0 | CV51: 0 | CW51: 0 | CX51: 0 | CY51: 0 | CZ51: 0 | DA51: 0 | DB51: 0 | DC51: -0.875 | DD51: 0 | DE51: 0 | DF51: 0 | DG51: 0 | DH51: 0 | DI51: 0 | DJ51: 0 | DK51: 0 | DL51: 0 | DM51: 0 | DN51: 0 | DO51: 0 | DP51: 1.125 | DQ51: -0.875 | DR51: 0 | DS51: 0 | DT51: 0 | DU51: 0 | DV51: 0 | DW51: 0 | DX51: 0 | DY51: 0 | DZ51: 0 | EA51: 0 | EB51: 0 | EC51: 0 | ED51: 0 | EE51: 0 | EF51: 0 | EG51: 0 | EH51: -4.625 | EI51: {=VLOOKUP(A51,'Opponent List'!$A1:$P137,16,FALSE)} -> -0.19832052 | EJ51: -4.8235878
A52: Kentucky | B52: 0 | C52: 0 | D52: 0 | E52: 0.875 | F52: 0 | G52: 0 | H52: 0 | I52: 0 | J52: 0 | K52: 0 | L52: 0 | M52: 0 | N52: 0 | O52: 0 | P52: 0 | Q52: 0 | R52: 0 | S52: 0 | T52: 0 | U52: 0 | V52: 0 | W52: 0 | X52: 0 | Y52: 0 | Z52: 0 | AA52: 0 | AB52: 0 | AC52: 0 | AD52: 0 | AE52: 0 | AF52: 0 | AG52: 0 | AH52: 0 | AI52: 0 | AJ52: 0 | AK52: 0 | AL52: 0 | AM52: 0 | AN52: 0 | AO52: 0 | AP52: 0 | AQ52: 0 | AR52: 0 | AS52: 0 | AT52: 0 | AU52: 0 | AV52: 0 | AW52: 0 | AX52: 0 | AY52: 0 | AZ52: 0 | BA52: 0 | BB52: 0 | BC52: 0 | BD52: 0 | BE52: -1.125 | BF52: 0 | BG52: 1.125 | BH52: 0 | BI52: 0 | BJ52: 0 | BK52: 0 | BL52: 0 | BM52: 0 | BN52: 0 | BO52: 0 | BP52: -1.125 | BQ52: 0 | BR52: 0 | BS52: 0 | BT52: 0 | BU52: 0 | BV52: 0 | BW52: 0 | BX52: 0 | BY52: 0 | BZ52: 0 | CA52: 0 | CB52: 0 | CC52: 0 | CD52: 0 | CE52: 0 | CF52: 0 | CG52: 0 | CH52: 0 | CI52: 1.125 | CJ52: 0 | CK52: 0 | CL52: 0 | CM52: 0 | CN52: 0 | CO52: 0 | CP52: 0 | CQ52: 0 | CR52: 0 | CS52: 0 | CT52: 0 | CU52: 0 | CV52: 0 | CW52: 0 | CX52: 0 | CY52: 0 | CZ52: 0 | DA52: 0 | DB52: 0 | DC52: 0 | DD52: 0 | DE52: 0 | DF52: -0.875 | DG52: 0 | DH52: 0 | DI52: 0 | DJ52: 0 | DK52: 0 | DL52: 0 | DM52: 0 | DN52: 0 | DO52: 0 | DP52: 0 | DQ52: 0 | DR52: 0 | DS52: 0 | DT52: 0 | DU52: 1.125 | DV52: 0 | DW52: 0 | DX52: 0 | DY52: 0 | DZ52: 0 | EA52: 0 | EB52: 0 | EC52: 0 | ED52: 0 | EE52: 0 | EF52: 0 | EG52: 0 | EH52: 1.125 | EI52: {=VLOOKUP(A52,'Opponent List'!$A1:$P137,16,FALSE)} -> 0.47981329 | EJ52: 1.6046713
A53: LSU | B53: 0 | C53: 0 | D53: 0 | E53: 0 | F53: 0 | G53: 0 | H53: 0 | I53: 0 | J53: 0 | K53: 0 | L53: 0 | M53: 0 | N53: 0 | O53: 0 | P53: 0 | Q53: 0 | R53: 0 | S53: 0 | T53: 0 | U53: 0 | V53: 0 | W53: 0 | X53: 0 | Y53: 0 | Z53: 0 | AA53: 0 | AB53: -1.125 | AC53: 0 | AD53: 0 | AE53: 0 | AF53: 0 | AG53: 0 | AH53: 0 | AI53: 0 | AJ53: 0 | AK53: 0 | AL53: 0 | AM53: -0.875 | AN53: 0 | AO53: 0 | AP53: 0 | AQ53: 0 | AR53: 0 | AS53: 1.125 | AT53: 0 | AU53: 0 | AV53: 0 | AW53: 0 | AX53: 0 | AY53: 0 | AZ53: 0 | BA53: 0 | BB53: 0 | BC53: 1.125 | BD53: 0 | BE53: 0 | BF53: 0 | BG53: 0 | BH53: 0 | BI53: 0 | BJ53: 0 | BK53: 0 | BL53: 0 | BM53: 0 | BN53: 0 | BO53: 0 | BP53: 0 | BQ53: 0 | BR53: 0 | BS53: 0 | BT53: 0 | BU53: 0 | BV53: 0 | BW53: 0 | BX53: 0 | BY53: 0 | BZ53: 0 | CA53: 0 | CB53: 0 | CC53: 0 | CD53: 0 | CE53: 0 | CF53: 0 | CG53: 0 | CH53: 0 | CI53: 0 | CJ53: 0 | CK53: 0 | CL53: 0 | CM53: 0 | CN53: 0 | CO53: 0 | CP53: 0 | CQ53: 0 | CR53: -0.875 | CS53: 0 | CT53: 0 | CU53: 0 | CV53: 0 | CW53: 0 | CX53: 0 | CY53: 0 | CZ53: 0 | DA53: 0 | DB53: 0 | DC53: 0 | DD53: 0 | DE53: 0 | DF53: 0 | DG53: 0 | DH53: 0 | DI53: 0 | DJ53: 0 | DK53: 0 | DL53: 0 | DM53: 0 | DN53: 0 | DO53: 0 | DP53: 0 | DQ53: 0 | DR53: 0 | DS53: 0 | DT53: 0 | DU53: 0 | DV53: 0 | DW53: 0 | DX53: 2.25 | DY53: 0 | DZ53: 0 | EA53: 0 | EB53: 0 | EC53: 0 | ED53: 0 | EE53: 0 | EF53: 0 | EG53: 0 | EH53: 1.625 | EI53: {=VLOOKUP(A53,'Opponent List'!$A1:$P137,16,FALSE)} -> 2.0302476 | EJ53: 3.6549276
A54: Liberty | B54: 0 | C54: 0 | D54: 0 | E54: 0 | F54: 0 | G54: 0 | H54: 0 | I54: 0 | J54: 0 | K54: 0 | L54: 0 | M54: 0 | N54: 0 | O54: 0 | P54: 0 | Q54: 0 | R54: 0 | S54: 0 | T54: 0 | U54: 0 | V54: 0 | W54: 0 | X54: 0 | Y54: 0 | Z54: 0 | AA54: 0 | AB54: 0 | AC54: -0.875 | AD54: 0 | AE54: 0 | AF54: 0 | AG54: 0 | AH54: 0 | AI54: 0 | AJ54: 0 | AK54: 0 | AL54: 0 | AM54: 0 | AN54: 0 | AO54: 0 | AP54: 0 | AQ54: 0 | AR54: 0 | AS54: 0 | AT54: 0 | AU54: 0 | AV54: 0 | AW54: 0 | AX54: 0 | AY54: 0 | AZ54: 0 | BA54: 0 | BB54: 0 | BC54: 0 | BD54: 0 | BE54: 0 | BF54: 0 | BG54: 0 | BH54: 0 | BI54: 0 | BJ54: 0 | BK54: 0 | BL54: 0 | BM54: 0 | BN54: 0 | BO54: 0 | BP54: 0 | BQ54: 0 | BR54: 0 | BS54: 0.875 | BT54: 0 | BU54: 0 | BV54: -1.125 | BW54: 0 | BX54: 0 | BY54: 0 | BZ54: 0 | CA54: 0 | CB54: 0 | CC54: 0 | CD54: 0 | CE54: 0 | CF54: 0 | CG54: 0 | CH54: 0 | CI54: 0.875 | CJ54: 0 | CK54: 0 | CL54: 0 | CM54: 0 | CN54: 0 | CO54: 0 | CP54: 0 | CQ54: 0 | CR54: 0 | CS54: 0 | CT54: 0 | CU54: 0 | CV54: 0 | CW54: 0 | CX54: 0 | CY54: 0 | CZ54: 0 | DA54: 0 | DB54: 0 | DC54: 0 | DD54: 0.875 | DE54: 0 | DF54: 0 | DG54: 0 | DH54: 0 | DI54: 0 | DJ54: 0 | DK54: 0 | DL54: 0 | DM54: -1.125 | DN54: 0 | DO54: 0 | DP54: 0 | DQ54: 0 | DR54: 0 | DS54: 0 | DT54: 0 | DU54: 0 | DV54: 0 | DW54: 0 | DX54: 0 | DY54: 0 | DZ54: 0 | EA54: 0 | EB54: 0 | EC54: 0 | ED54: 0 | EE54: -0.875 | EF54: 0 | EG54: 0 | EH54: -1.375 | EI54: {=VLOOKUP(A54,'Opponent List'!$A1:$P137,16,FALSE)} -> -0.25112401 | EJ54: -1.6259891
A55: Louisiana Tech | B55: 0 | C55: 0 | D55: -1.125 | E55: 0.875 | F55: 0 | G55: 0 | H55: 0 | I55: 0 | J55: 0 | K55: 0 | L55: 0 | M55: 0 | N55: 0 | O55: 0 | P55: 0 | Q55: 0 | R55: 0 | S55: 0 | T55: 0 | U55: 0 | V55: 0 | W55: 0 | X55: 0 | Y55: 0 | Z55: 0 | AA55: 0.875 | AB55: 0 | AC55: 0 | AD55: 1.125 | AE55: 0 | AF55: 0 | AG55: -1.125 | AH55: 0 | AI55: 0 | AJ55: 0 | AK55: 0 | AL55: 0 | AM55: 0 | AN55: 0 | AO55: 0 | AP55: 0 | AQ55: 0 | AR55: 0 | AS55: 0 | AT55: 0 | AU55: 0 | AV55: 0 | AW55: 0 | AX55: 0 | AY55: 0 | AZ55: 0 | BA55: -1.125 | BB55: 0 | BC55: 0 | BD55: 0 | BE55: 0 | BF55: 0 | BG55: 0 | BH55: 0 | BI55: 0 | BJ55: 0 | BK55: -1.125 | BL55: 0 | BM55: 0 | BN55: 0 | BO55: 0 | BP55: 0 | BQ55: 0 | BR55: 0 | BS55: 0 | BT55: 0 | BU55: 0 | BV55: 0 | BW55: 0 | BX55: 0 | BY55: 0 | BZ55: 0 | CA55: 0 | CB55: 0 | CC55: 0 | CD55: 0 | CE55: 0 | CF55: 0 | CG55: 0 | CH55: 0 | CI55: 0 | CJ55: 0 | CK55: 0 | CL55: 0 | CM55: 0 | CN55: 0 | CO55: 0 | CP55: 0 | CQ55: 0 | CR55: 0 | CS55: 0 | CT55: 0 | CU55: 0 | CV55: 0 | CW55: 0 | CX55: 0 | CY55: 0 | CZ55: 0 | DA55: 0 | DB55: 0 | DC55: 0 | DD55: 0 | DE55: 0 | DF55: 0 | DG55: 0 | DH55: 0 | DI55: 0 | DJ55: 0 | DK55: 0 | DL55: 0 | DM55: 0 | DN55: 0 | DO55: 0 | DP55: 0 | DQ55: 0 | DR55: 0 | DS55: 0 | DT55: 0 | DU55: 0 | DV55: 0 | DW55: 0 | DX55: 0 | DY55: 0 | DZ55: 0 | EA55: 0 | EB55: 0 | EC55: 0 | ED55: 0 | EE55: 0 | EF55: 0 | EG55: 0 | EH55: -1.625 | EI55: {=VLOOKUP(A55,'Opponent List'!$A1:$P137,16,FALSE)} -> 0.26525336 | EJ55: -1.3595623
A56: Louisiana | B56: -1.125 | C56: 0 | D56: 0 | E56: 0 | F56: 0 | G56: 0 | H56: 0 | I56: 0 | J56: 0 | K56: 0 | L56: 0 | M56: 0 | N56: 0 | O56: 0 | P56: 0 | Q56: 1.125 | R56: 0 | S56: 0 | T56: 0 | U56: 0 | V56: -1.125 | W56: 0 | X56: 0 | Y56: 0 | Z56: 0 | AA56: 0 | AB56: 0 | AC56: 0 | AD56: 0 | AE56: 0 | AF56: 0 | AG56: 0 | AH56: 0 | AI56: 0 | AJ56: 0 | AK56: 0 | AL56: 0 | AM56: 0 | AN56: 0 | AO56: 0 | AP56: 0 | AQ56: 0 | AR56: 0 | AS56: 0 | AT56: 0 | AU56: 0 | AV56: 0 | AW56: 0 | AX56: 0 | AY56: 0 | AZ56: 0 | BA56: 0 | BB56: 0 | BC56: 0 | BD56: 0 | BE56: 0 | BF56: 0 | BG56: 0 | BH56: 0 | BI56: 0 | BJ56: 0 | BK56: 0 | BL56: 0 | BM56: 0 | BN56: 0 | BO56: 0 | BP56: 0 | BQ56: 0 | BR56: 0 | BS56: 0 | BT56: 0 | BU56: 0 | BV56: 0 | BW56: 0 | BX56: 0 | BY56: 0 | BZ56: 0 | CA56: 0 | CB56: 0 | CC56: 0 | CD56: 0 | CE56: 0 | CF56: 0 | CG56: 0 | CH56: 0 | CI56: 0 | CJ56: 0 | CK56: 0 | CL56: -0.875 | CM56: 0 | CN56: 0 | CO56: 0 | CP56: 0 | CQ56: 0 | CR56: 0 | CS56: 0 | CT56: 0 | CU56: 0 | CV56: 0 | CW56: 0 | CX56: 0 | CY56: 0 | CZ56: 0 | DA56: 0 | DB56: 0 | DC56: 0 | DD56: 0 | DE56: 0 | DF56: 0 | DG56: 0 | DH56: 0.875 | DI56: 0 | DJ56: 0 | DK56: 0 | DL56: 0.875 | DM56: 0 | DN56: 0 | DO56: 0 | DP56: 0 | DQ56: 0 | DR56: 0 | DS56: 0 | DT56: 0 | DU56: 0 | DV56: 0 | DW56: -0.875 | DX56: 0 | DY56: 0 | DZ56: 0 | EA56: 0 | EB56: 0 | EC56: 0 | ED56: 0 | EE56: 0 | EF56: 0 | EG56: 0 | EH56: -1.125 | EI56: {=VLOOKUP(A56,'Opponent List'!$A1:$P137,16,FALSE)} -> -0.78771901 | EJ56: -1.9127242
A57: Louisville | B57: 0 | C57: 0 | D57: -0.875 | E57: 0 | F57: 0 | G57: 0 | H57: 0 | I57: 0 | J57: 0 | K57: 0 | L57: 0 | M57: 0 | N57: 0 | O57: 0 | P57: 0 | Q57: 0 | R57: 0 | S57: 0 | T57: 0 | U57: 0 | V57: 0 | W57: 0 | X57: 0 | Y57: 0 | Z57: 0 | AA57: 0 | AB57: 0 | AC57: 0 | AD57: 0 | AE57: 0 | AF57: 0 | AG57: 0 | AH57: 0 | AI57: 0.875 | AJ57: 0 | AK57: 0 | AL57: 0 | AM57: 0 | AN57: 0 | AO57: 0 | AP57: 0 | AQ57: 0 | AR57: 0 | AS57: 0 | AT57: 0 | AU57: 0 | AV57: 0 | AW57: 0 | AX57: 0 | AY57: 0 | AZ57: 1.125 | BA57: 0 | BB57: 0 | BC57: 0 | BD57: 0 | BE57: 0 | BF57: 0 | BG57: 0 | BH57: 0 | BI57: 0 | BJ57: 0 | BK57: 0 | BL57: 0 | BM57: 0 | BN57: 0 | BO57: 0 | BP57: 0 | BQ57: 0 | BR57: 0 | BS57: 0 | BT57: 0 | BU57: 0 | BV57: 0 | BW57: 0 | BX57: 0 | BY57: 0 | BZ57: 0 | CA57: 0 | CB57: 0 | CC57: 0 | CD57: 0 | CE57: 0 | CF57: 0 | CG57: 0 | CH57: 0 | CI57: 0 | CJ57: 0 | CK57: 0 | CL57: 0 | CM57: 0 | CN57: 0 | CO57: 0 | CP57: 0 | CQ57: 0 | CR57: 0 | CS57: 0 | CT57: 0 | CU57: 0.875 | CV57: 0 | CW57: 0 | CX57: 0 | CY57: 0 | CZ57: 0 | DA57: 0 | DB57: 0 | DC57: 0 | DD57: 0 | DE57: 0 | DF57: 0 | DG57: 0 | DH57: 0 | DI57: 0 | DJ57: 0 | DK57: 0 | DL57: 0 | DM57: 0 | DN57: 0 | DO57: 0 | DP57: 0 | DQ57: 0 | DR57: 0 | DS57: 0 | DT57: 0 | DU57: 0 | DV57: 0 | DW57: 0 | DX57: 0 | DY57: 0 | DZ57: 0 | EA57: 0 | EB57: 0 | EC57: 0 | ED57: 1.125 | EE57: 0 | EF57: 0 | EG57: 0 | EH57: 3.125 | EI57: {=VLOOKUP(A57,'Opponent List'!$A1:$P137,16,FALSE)} -> 1.1861144 | EJ57: 4.3112326
A58: Marshall | B58: 0 | C58: 0 | D58: 0 | E58: 0 | F58: 0 | G58: 0 | H58: 0 | I58: 0 | J58: 0 | K58: 0 | L58: 0 | M58: 0 | N58: 0 | O58: 0 | P58: 0 | Q58: 0 | R58: 0 | S58: 0 | T58: 0 | U58: 0 | V58: 0 | W58: 0 | X58: 0 | Y58: 0.875 | Z58: 0 | AA58: 0 | AB58: 0 | AC58: 0 | AD58: 0 | AE58: 0 | AF58: 0 | AG58: 0 | AH58: 0 | AI58: 0 | AJ58: 0 | AK58: 0 | AL58: 0 | AM58: 0 | AN58: 0 | AO58: 0 | AP58: 0 | AQ58: 0 | AR58: 0 | AS58: 0 | AT58: 0 | AU58: 0 | AV58: 0 | AW58: 0 | AX58: 0 | AY58: 0.875 | AZ58: 0 | BA58: 0 | BB58: 0 | BC58: 0 | BD58: 0 | BE58: 0 | BF58: 0 | BG58: 0 | BH58: 0 | BI58: 0 | BJ58: 0 | BK58: 0 | BL58: 0 | BM58: 0 | BN58: 0 | BO58: 0 | BP58: 0 | BQ58: 0 | BR58: 0 | BS58: 0 | BT58: -1.125 | BU58: 0 | BV58: 0 | BW58: 1.125 | BX58: 0 | BY58: 0 | BZ58: 0 | CA58: 0 | CB58: 0 | CC58: 0 | CD58: 0 | CE58: 0 | CF58: 0 | CG58: 0 | CH58: 0 | CI58: 0 | CJ58: 0 | CK58: 0 | CL58: 0 | CM58: 0 | CN58: 0 | CO58: 0 | CP58: 0 | CQ58: 0 | CR58: 0 | CS58: 0 | CT58: -0.875 | CU58: 0 | CV58: 0 | CW58: 0 | CX58: 0 | CY58: 0 | CZ58: 0 | DA58: 0 | DB58: 0 | DC58: 0 | DD58: 0 | DE58: 0 | DF58: 0 | DG58: 0 | DH58: 0 | DI58: 0 | DJ58: -1.125 | DK58: 0 | DL58: 0 | DM58: 0 | DN58: 0 | DO58: 0 | DP58: 0 | DQ58: 0 | DR58: -1.125 | DS58: 0 | DT58: 0 | DU58: 0 | DV58: 0 | DW58: 0 | DX58: 0 | DY58: 0 | DZ58: 0 | EA58: 0 | EB58: 0 | EC58: 0 | ED58: 0 | EE58: 0 | EF58: 0 | EG58: 0 | EH58: -1.375 | EI58: {=VLOOKUP(A58,'Opponent List'!$A1:$P137,16,FALSE)} -> 0.32937491 | EJ58: -1.0455592
A59: Maryland | B59: 0 | C59: 0 | D59: 0 | E59: 0 | F59: 0 | G59: 0 | H59: 0 | I59: 0 | J59: -1.125 | K59: 0 | L59: 0 | M59: 0 | N59: 0 | O59: 0 | P59: 0 | Q59: 0 | R59: 0 | S59: 0 | T59: 0 | U59: 0 | V59: 0 | W59: 1.125 | X59: 0 | Y59: 0 | Z59: 1.125 | AA59: 0 | AB59: 0 | AC59: 0 | AD59: 0 | AE59: 0 | AF59: 0 | AG59: 0 | AH59: 0 | AI59: 0 | AJ59: 0 | AK59: 0 | AL59: 0 | AM59: 0 | AN59: 0 | AO59: 0 | AP59: 0 | AQ59: 0 | AR59: 0 | AS59: 0 | AT59: 0 | AU59: 0 | AV59: 0 | AW59: 0 | AX59: 0 | AY59: 1.125 | AZ59: -1.125 | BA59: 0 | BB59: 0 | BC59: 0 | BD59: 0 | BE59: 0 | BF59: 0 | BG59: 0 | BH59: 0 | BI59: 0 | BJ59: 0 | BK59: 0 | BL59: 0 | BM59: 0 | BN59: 0 | BO59: 0 | BP59: 0 | BQ59: 0.875 | BR59: 0 | BS59: 0 | BT59: 0 | BU59: 0 | BV59: 0 | BW59: 0 | BX59: 0 | BY59: 0 | BZ59: 0 | CA59: 0 | CB59: 0 | CC59: 0 | CD59: 0 | CE59: 0 | CF59: 0 | CG59: 0 | CH59: 0 | CI59: 0 | CJ59: 0 | CK59: 0 | CL59: 0 | CM59: 0 | CN59: 0 | CO59: 0 | CP59: 0 | CQ59: 0 | CR59: 0 | CS59: 0 | CT59: 0 | CU59: 0 | CV59: 0 | CW59: 0 | CX59: 0 | CY59: 0 | CZ59: 0 | DA59: 0 | DB59: 0 | DC59: 0 | DD59: 0 | DE59: 0 | DF59: 0 | DG59: 0 | DH59: 0 | DI59: 0 | DJ59: 0 | DK59: 0 | DL59: 0 | DM59: 0 | DN59: 0 | DO59: 0 | DP59: 0 | DQ59: 0 | DR59: 0 | DS59: 0 | DT59: 0 | DU59: 0 | DV59: 0 | DW59: -1.125 | DX59: 0 | DY59: 0 | DZ59: 0 | EA59: 0 | EB59: 0 | EC59: 0 | ED59: 0 | EE59: 0 | EF59: 0 | EG59: 0 | EH59: 0.875 | EI59: {=VLOOKUP(A59,'Opponent List'!$A1:$P137,16,FALSE)} -> -0.35091836 | EJ59: 0.52439596
A60: Memphis | B60: 0 | C60: 0 | D60: 0 | E60: 0 | F60: 0 | G60: 0 | H60: 0 | I60: 0 | J60: 0 | K60: 0 | L60: 0 | M60: 0 | N60: 0 | O60: 0 | P60: 0 | Q60: 0 | R60: 0 | S60: 0 | T60: 0 | U60: 0 | V60: 0 | W60: 0 | X60: 0 | Y60: 0 | Z60: 0 | AA60: 0 | AB60: 0 | AC60: 0 | AD60: 0 | AE60: 0 | AF60: 0 | AG60: 0 | AH60: 0 | AI60: 0 | AJ60: 0.875 | AK60: 0 | AL60: 0 | AM60: 0 | AN60: 0 | AO60: 0 | AP60: 0 | AQ60: 0 | AR60: 0 | AS60: 0 | AT60: 0 | AU60: 0 | AV60: 0 | AW60: -0.875 | AX60: 0 | AY60: 0 | AZ60: 0 | BA60: 0 | BB60: 0 | BC60: 0 | BD60: 0 | BE60: 0 | BF60: 0 | BG60: 0 | BH60: 0 | BI60: 0 | BJ60: 0 | BK60: 0 | BL60: 0 | BM60: 0 | BN60: 0 | BO60: 0 | BP60: 0 | BQ60: 0 | BR60: 0 | BS60: 1.125 | BT60: 0 | BU60: 0 | BV60: 0 | BW60: 0 | BX60: 0 | BY60: 0 | BZ60: 0 | CA60: 0 | CB60: 0 | CC60: 0 | CD60: 0 | CE60: 0 | CF60: 0 | CG60: 0 | CH60: 0 | CI60: 0 | CJ60: 0 | CK60: 0 | CL60: 0 | CM60: 0 | CN60: 0 | CO60: 0 | CP60: 0 | CQ60: 0 | CR60: 0 | CS60: 0 | CT60: 0 | CU60: 0 | CV60: 0 | CW60: 0 | CX60: 0 | CY60: 0 | CZ60: 0 | DA60: 0 | DB60: 0 | DC60: 0 | DD60: 0 | DE60: 0 | DF60: 0 | DG60: 0 | DH60: 0 | DI60: 0 | DJ60: 0 | DK60: 1.125 | DL60: 0 | DM60: 0 | DN60: 0 | DO60: 0 | DP60: 0 | DQ60: 1.125 | DR60: 0 | DS60: 0 | DT60: 0 | DU60: 0 | DV60: -1.125 | DW60: 0 | DX60: 0 | DY60: 0 | DZ60: 0 | EA60: 0 | EB60: 0 | EC60: 0 | ED60: 0 | EE60: -1.125 | EF60: 0 | EG60: 0 | EH60: 1.125 | EI60: {=VLOOKUP(A60,'Opponent List'!$A1:$P137,16,FALSE)} -> 0.49469407 | EJ60: 1.6196825
A61: Miami OH | B61: 0 | C61: -0.875 | D61: 0 | E61: 0 | F61: 0 | G61: 0 | H61: 0 | I61: 0 | J61: 0 | K61: 0 | L61: 0 | M61: 0 | N61: 0 | O61: 0 | P61: 1.125 | Q61: 0 | R61: 0 | S61: 0 | T61: 0 | U61: 0 | V61: 0 | W61: 0 | X61: 0 | Y61: 0 | Z61: 0 | AA61: 0 | AB61: 0 | AC61: 0 | AD61: 0 | AE61: 0 | AF61: 0 | AG61: 0 | AH61: 0 | AI61: 0 | AJ61: 0 | AK61: 0 | AL61: 0 | AM61: 0 | AN61: 0 | AO61: 0 | AP61: 0 | AQ61: 0 | AR61: 0 | AS61: 0 | AT61: 0 | AU61: 0 | AV61: 0 | AW61: 0 | AX61: 0 | AY61: 0 | AZ61: 0 | BA61: 0 | BB61: 0 | BC61: 0 | BD61: 0 | BE61: 0 | BF61: 0 | BG61: 0 | BH61: 0 | BI61: 0 | BJ61: 0 | BK61: 0 | BL61: 0 | BM61: 0 | BN61: 0 | BO61: -0.875 | BP61: 0 | BQ61: 0 | BR61: 0 | BS61: 0 | BT61: 0 | BU61: 0 | BV61: 0 | BW61: 0 | BX61: 0 | BY61: 0 | BZ61: 0 | CA61: 0 | CB61: 0 | CC61: 0 | CD61: 0 | CE61: 0 | CF61: 0 | CG61: 0 | CH61: 0 | CI61: 0 | CJ61: 0 | CK61: 0 | CL61: 0 | CM61: 0 | CN61: 0 | CO61: 0 | CP61: -0.875 | CQ61: 0 | CR61: 0 | CS61: 0 | CT61: 0 | CU61: 0 | CV61: 0 | CW61: 0 | CX61: 0 | CY61: 1.125 | CZ61: 0 | DA61: 0 | DB61: 0 | DC61: 0 | DD61: 0 | DE61: 0 | DF61: 0 | DG61: 1.125 | DH61: 0 | DI61: 0 | DJ61: 0 | DK61: 0 | DL61: 0 | DM61: 0 | DN61: 0 | DO61: 0 | DP61: 0 | DQ61: 0 | DR61: 0 | DS61: 0 | DT61: 0 | DU61: 0 | DV61: 0 | DW61: 0 | DX61: 0 | DY61: 0 | DZ61: -0.875 | EA61: 0 | EB61: 0 | EC61: 0 | ED61: 0 | EE61: 0 | EF61: 0 | EG61: 0 | EH61: -0.125 | EI61: {=VLOOKUP(A61,'Opponent List'!$A1:$P137,16,FALSE)} -> -1.0837503 | EJ61: -1.2087139
A62: Miami | B62: 0 | C62: 0 | D62: 0 | E62: 0 | F62: 0 | G62: 0 | H62: 1.125 | I62: 0 | J62: 0 | K62: 0 | L62: 0 | M62: 0 | N62: 0 | O62: 0 | P62: 0 | Q62: 0 | R62: 0 | S62: 0 | T62: 0 | U62: 0.875 | V62: 0 | W62: 0 | X62: 0 | Y62: 0 | Z62: 0 | AA62: 0.875 | AB62: 0 | AC62: 0 | AD62: 0 | AE62: 0 | AF62: 0 | AG62: 0 | AH62: 0 | AI62: 0 | AJ62: 0 | AK62: 0 | AL62: 0 | AM62: 0 | AN62: 0 | AO62: 0 | AP62: 0 | AQ62: 0 | AR62: 0 | AS62: 0 | AT62: 0 | AU62: 0 | AV62: 1.125 | AW62: 0 | AX62: 0 | AY62: 0 | AZ62: 0 | BA62: 0 | BB62: 0 | BC62: 0 | BD62: 0 | BE62: 0 | BF62: 0 | BG62: 0 | BH62: 0 | BI62: 0 | BJ62: 0 | BK62: 0 | BL62: 0 | BM62: 0 | BN62: 0 | BO62: 0 | BP62: 0 | BQ62: 0 | BR62: 0 | BS62: 0 | BT62: 0 | BU62: 0 | BV62: 0 | BW62: 0 | BX62: 0 | BY62: 0 | BZ62: 0 | CA62: 0 | CB62: 0 | CC62: 0 | CD62: 0 | CE62: 0 | CF62: 0 | CG62: 0 | CH62: 0 | CI62: 0 | CJ62: 0 | CK62: 0 | CL62: 0 | CM62: 0 | CN62: 0 | CO62: 0 | CP62: 0 | CQ62: 0 | CR62: 0 | CS62: 0 | CT62: 0 | CU62: 0 | CV62: 0 | CW62: 0 | CX62: 0 | CY62: 0 | CZ62: 0 | DA62: 0 | DB62: 0 | DC62: 0 | DD62: 0 | DE62: 0 | DF62: 0 | DG62: 0 | DH62: 2 | DI62: 0 | DJ62: 0 | DK62: 0 | DL62: 0 | DM62: 0 | DN62: 0 | DO62: 0 | DP62: 0 | DQ62: 0 | DR62: 0 | DS62: 0 | DT62: 1.125 | DU62: 0 | DV62: 0 | DW62: 0 | DX62: 0 | DY62: 0 | DZ62: 0 | EA62: 0 | EB62: 0 | EC62: 0 | ED62: 0 | EE62: 0 | EF62: 0 | EG62: 0 | EH62: 7.125 | EI62: {=VLOOKUP(A62,'Opponent List'!$A1:$P137,16,FALSE)} -> -2.0329161 | EJ62: 5.0922019
A63: Michigan St | B63: 0 | C63: 0 | D63: 0 | E63: 0 | F63: 0 | G63: 0 | H63: 0 | I63: 0 | J63: 0 | K63: 0 | L63: 0 | M63: 0 | N63: 0 | O63: 0 | P63: 0 | Q63: 0 | R63: 0 | S63: 0 | T63: 0 | U63: 0 | V63: 0 | W63: 0 | X63: 0 | Y63: 0 | Z63: -0.875 | AA63: 0 | AB63: 0 | AC63: 0 | AD63: 0 | AE63: 0 | AF63: 0 | AG63: 0 | AH63: 0 | AI63: 0 | AJ63: 0 | AK63: 0 | AL63: 0 | AM63: 0 | AN63: 0 | AO63: 0 | AP63: 0 | AQ63: 0 | AR63: 0 | AS63: 0 | AT63: 0 | AU63: 0 | AV63: 0 | AW63: 0 | AX63: 0 | AY63: 0 | AZ63: 0 | BA63: 0 | BB63: 0 | BC63: 1.125 | BD63: 0 | BE63: 0 | BF63: 0 | BG63: 0 | BH63: 0 | BI63: 0 | BJ63: 0 | BK63: 0 | BL63: 0 | BM63: 0 | BN63: 0 | BO63: 0 | BP63: 0 | BQ63: 0 | BR63: 0 | BS63: 0 | BT63: 0 | BU63: 0 | BV63: 0 | BW63: 0 | BX63: 1.125 | BY63: 0 | BZ63: 0 | CA63: 0 | CB63: 0 | CC63: 0 | CD63: 0 | CE63: 0 | CF63: 0 | CG63: 0 | CH63: 0 | CI63: 0 | CJ63: 0 | CK63: 0 | CL63: 0 | CM63: 0 | CN63: 0 | CO63: 0 | CP63: 0 | CQ63: 0 | CR63: 0 | CS63: 0.875 | CT63: 0 | CU63: 0 | CV63: 0 | CW63: 0 | CX63: -0.875 | CY63: 0 | CZ63: 0 | DA63: 0 | DB63: 0 | DC63: 0 | DD63: 0 | DE63: 0 | DF63: 0 | DG63: 0 | DH63: 0 | DI63: 0 | DJ63: 0 | DK63: 0 | DL63: 0 | DM63: 0 | DN63: 0 | DO63: 0 | DP63: 0 | DQ63: 0 | DR63: 0 | DS63: 0 | DT63: 0 | DU63: 0 | DV63: 0 | DW63: 0 | DX63: 0 | DY63: 0 | DZ63: -0.875 | EA63: 0 | EB63: 0 | EC63: 1.125 | ED63: 0 | EE63: 0 | EF63: 0 | EG63: 0 | EH63: 1.625 | EI63: {=VLOOKUP(A63,'Opponent List'!$A1:$P137,16,FALSE)} -> -2.4728515 | EJ63: -0.84768132
A64: Michigan | B64: 0 | C64: 0 | D64: 0 | E64: 0 | F64: 0 | G64: 0 | H64: 0.875 | I64: 0 | J64: 0 | K64: 0 | L64: 0 | M64: 0 | N64: 0 | O64: 0 | P64: 0 | Q64: 0 | R64: 0 | S64: 0 | T64: 0 | U64: 0 | V64: 0 | W64: 0 | X64: 0 | Y64: 0 | Z64: 0 | AA64: 0 | AB64: 0 | AC64: 0 | AD64: 0 | AE64: 0 | AF64: 0 | AG64: 0 | AH64: 0 | AI64: 0 | AJ64: 0 | AK64: 0 | AL64: 0 | AM64: 0 | AN64: 0 | AO64: 0 | AP64: 0 | AQ64: 0 | AR64: -0.875 | AS64: 0 | AT64: 0.875 | AU64: 0 | AV64: 0 | AW64: 0 | AX64: 0 | AY64: 0 | AZ64: 0 | BA64: 0 | BB64: 0 | BC64: 0 | BD64: 0 | BE64: 0 | BF64: 0 | BG64: 0 | BH64: 0 | BI64: 0 | BJ64: 0 | BK64: 0 | BL64: 0 | BM64: 0 | BN64: 0 | BO64: 0 | BP64: 0 | BQ64: 0 | BR64: 0 | BS64: 0 | BT64: 0 | BU64: 0 | BV64: 0 | BW64: 0 | BX64: 0 | BY64: 0 | BZ64: 0 | CA64: 0 | CB64: 0 | CC64: 0 | CD64: 0 | CE64: 1.125 | CF64: 0 | CG64: 0 | CH64: 0 | CI64: 0 | CJ64: 0 | CK64: 0 | CL64: 0 | CM64: 0 | CN64: 0 | CO64: 0.875 | CP64: 0 | CQ64: 0 | CR64: 0 | CS64: 0 | CT64: 0 | CU64: 0 | CV64: 0 | CW64: 0 | CX64: 0 | CY64: 0 | CZ64: 0 | DA64: 0 | DB64: 0 | DC64: 0 | DD64: 0 | DE64: 0 | DF64: 0 | DG64: 0 | DH64: 0 | DI64: 0 | DJ64: 0 | DK64: 0 | DL64: 0.875 | DM64: 0 | DN64: 0 | DO64: 0 | DP64: 0 | DQ64: 0 | DR64: 0 | DS64: 0 | DT64: 0 | DU64: 0 | DV64: 0 | DW64: 0 | DX64: 0 | DY64: 0 | DZ64: 0 | EA64: 0.875 | EB64: 0 | EC64: 0 | ED64: 0 | EE64: 0 | EF64: 0 | EG64: 0 | EH64: 4.625 | EI64: {=VLOOKUP(A64,'Opponent List'!$A1:$P137,16,FALSE)} -> -0.68230494 | EJ64: 3.9426785
A65: Middle Tenn | B65: 0 | C65: 0 | D65: 0 | E65: 0 | F65: 0 | G65: 0 | H65: 0 | I65: 0 | J65: 0 | K65: 0 | L65: 0 | M65: 0 | N65: -0.875 | O65: 0 | P65: 0 | Q65: 0 | R65: 0 | S65: 0 | T65: 0 | U65: 0 | V65: -0.875 | W65: 0 | X65: 0 | Y65: 0 | Z65: 0 | AA65: 0 | AB65: 0 | AC65: 0 | AD65: 0 | AE65: 0 | AF65: 0 | AG65: 0 | AH65: 0 | AI65: 0 | AJ65: 0 | AK65: 0 | AL65: 0 | AM65: 0 | AN65: 0 | AO65: 0 | AP65: 0 | AQ65: 0 | AR65: 0 | AS65: 0 | AT65: -0.875 | AU65: 0 | AV65: 0 | AW65: 0 | AX65: 0 | AY65: 0 | AZ65: 0 | BA65: 0 | BB65: 0 | BC65: 0 | BD65: 0 | BE65: 0 | BF65: 0 | BG65: 0 | BH65: 0 | BI65: 0 | BJ65: 0 | BK65: 0 | BL65: 0 | BM65: 0 | BN65: 0 | BO65: 0 | BP65: 0 | BQ65: 0 | BR65: 0 | BS65: 0 | BT65: 0 | BU65: 0 | BV65: 0 | BW65: 0 | BX65: 0 | BY65: 0 | BZ65: 0 | CA65: 0 | CB65: 0 | CC65: 0 | CD65: 0 | CE65: 0 | CF65: 0 | CG65: 0 | CH65: 0 | CI65: 0 | CJ65: 0 | CK65: 0 | CL65: 0 | CM65: -1.125 | CN65: 0 | CO65: 0 | CP65: 0 | CQ65: 0 | CR65: 0 | CS65: 0 | CT65: 0 | CU65: 0 | CV65: 0 | CW65: 0 | CX65: 0 | CY65: 0 | CZ65: 0 | DA65: 0 | DB65: 0 | DC65: 0 | DD65: 0 | DE65: -1.125 | DF65: 0 | DG65: 0 | DH65: -0.875 | DI65: 0 | DJ65: 0 | DK65: 0 | DL65: 0 | DM65: 0 | DN65: 0 | DO65: 0 | DP65: 0 | DQ65: 0 | DR65: 0 | DS65: -0.875 | DT65: 0 | DU65: 0 | DV65: 0 | DW65: 0 | DX65: 0 | DY65: 0 | DZ65: 0 | EA65: 0 | EB65: 0 | EC65: 0 | ED65: 0 | EE65: 0 | EF65: 0 | EG65: 0 | EH65: -6.625 | EI65: {=VLOOKUP(A65,'Opponent List'!$A1:$P137,16,FALSE)} -> -0.80272502 | EJ65: -7.4278032
A66: Minnesota | B66: 0 | C66: 0 | D66: 0 | E66: 0 | F66: 0 | G66: 0 | H66: 0 | I66: 0 | J66: 0 | K66: 0 | L66: 0 | M66: 0 | N66: 0 | O66: 0 | P66: 0 | Q66: 0.875 | R66: 0 | S66: 0 | T66: 0 | U66: 0 | V66: 0 | W66: 0 | X66: 0.875 | Y66: 1.125 | Z66: 0 | AA66: 0 | AB66: -2.25 | AC66: 0 | AD66: 0 | AE66: 0 | AF66: 0 | AG66: 0 | AH66: 0 | AI66: 0 | AJ66: 0 | AK66: 0 | AL66: 0 | AM66: 0 | AN66: 0 | AO66: 0 | AP66: 0 | AQ66: 0 | AR66: 0 | AS66: 0 | AT66: 0 | AU66: 0 | AV66: 0 | AW66: 0 | AX66: 0 | AY66: 0 | AZ66: 0 | BA66: 0 | BB66: 0 | BC66: 0 | BD66: 0 | BE66: 0 | BF66: 0 | BG66: 0 | BH66: 0 | BI66: 0 | BJ66: 0 | BK66: 0 | BL66: 0 | BM66: 0 | BN66: 0 | BO66: 0 | BP66: 0 | BQ66: 0 | BR66: 0 | BS66: 0 | BT66: 0 | BU66: 0 | BV66: 0 | BW66: 0 | BX66: 0 | BY66: 0 | BZ66: 0 | CA66: 0 | CB66: 0 | CC66: 0 | CD66: 0 | CE66: 0 | CF66: 0 | CG66: 0 | CH66: 0 | CI66: 0 | CJ66: 0 | CK66: 0 | CL66: 0 | CM66: 0 | CN66: 0 | CO66: 0.875 | CP66: 0 | CQ66: 0 | CR66: 0 | CS66: 0 | CT66: 0 | CU66: 0 | CV66: 0 | CW66: 0 | CX66: 0 | CY66: 0 | CZ66: 0 | DA66: 0 | DB66: 0 | DC66: 0 | DD66: 0 | DE66: 0 | DF66: 0 | DG66: 0 | DH66: 0 | DI66: 0 | DJ66: 0 | DK66: 0 | DL66: 0 | DM66: 0 | DN66: 0 | DO66: 0 | DP66: 0 | DQ66: 0 | DR66: 0 | DS66: 0 | DT66: -1.125 | DU66: 0 | DV66: 0 | DW66: 0 | DX66: 0 | DY66: 0 | DZ66: 0 | EA66: 0 | EB66: 0 | EC66: 0 | ED66: 0 | EE66: 0 | EF66: 0 | EG66: 0 | EH66: 0.375 | EI66: {=VLOOKUP(A66,'Opponent List'!$A1:$P137,16,FALSE)} -> -1.2566158 | EJ66: -0.88177363
A67: Mississippi St | B67: 0 | C67: 0 | D67: 0 | E67: 0 | F67: 0 | G67: 0 | H67: 0 | I67: 0 | J67: 0 | K67: 0 | L67: 0 | M67: 0 | N67: 0 | O67: 0 | P67: 0.875 | Q67: 0 | R67: 0 | S67: 0 | T67: 0 | U67: 0.875 | V67: 0 | W67: 0 | X67: 0 | Y67: 0 | Z67: 0 | AA67: 0 | AB67: 0 | AC67: 0 | AD67: 1.125 | AE67: 0 | AF67: 0 | AG67: 0 | AH67: 0 | AI67: 0 | AJ67: 0 | AK67: 0 | AL67: 0.875 | AM67: 0 | AN67: 0 | AO67: 0 | AP67: 0 | AQ67: 0 | AR67: 0 | AS67: 0 | AT67: 0 | AU67: 0 | AV67: 0 | AW67: 0 | AX67: 0 | AY67: 0 | AZ67: 0 | BA67: 0 | BB67: 0 | BC67: 0 | BD67: 0 | BE67: 0 | BF67: 0 | BG67: 0 | BH67: 0 | BI67: 0.875 | BJ67: 0 | BK67: 0 | BL67: 0 | BM67: 0 | BN67: 0 | BO67: 0 | BP67: 0 | BQ67: 0 | BR67: 0 | BS67: 0 | BT67: 0 | BU67: 0 | BV67: 0 | BW67: 0 | BX67: 0 | BY67: 0 | BZ67: 0 | CA67: 0 | CB67: 0 | CC67: 0 | CD67: 0 | CE67: 0 | CF67: 0 | CG67: 0 | CH67: 0 | CI67: 0 | CJ67: 0 | CK67: 0 | CL67: 0 | CM67: 0 | CN67: 0 | CO67: 0 | CP67: 0 | CQ67: 0 | CR67: 0 | CS67: 0 | CT67: 0 | CU67: 0 | CV67: 0 | CW67: 0 | CX67: 0 | CY67: 0 | CZ67: 0 | DA67: 0 | DB67: 0 | DC67: 0 | DD67: 0 | DE67: 0 | DF67: 0 | DG67: 0 | DH67: 0 | DI67: 0 | DJ67: 0 | DK67: 0.875 | DL67: 0 | DM67: 0 | DN67: 0 | DO67: 0 | DP67: 0 | DQ67: 0 | DR67: 0 | DS67: 0 | DT67: 0 | DU67: 0 | DV67: 0 | DW67: 0 | DX67: 0 | DY67: -1.125 | DZ67: 0 | EA67: 0 | EB67: 0 | EC67: 0 | ED67: 0 | EE67: 0 | EF67: 0 | EG67: 0 | EH67: 4.375 | EI67: {=VLOOKUP(A67,'Opponent List'!$A1:$P137,16,FALSE)} -> -0.91419818 | EJ67: 3.4608221
A68: Mississippi | B68: 0 | C68: 0 | D68: 0 | E68: 0 | F68: 1.125 | G68: 0 | H68: 0 | I68: 0 | J68: 0 | K68: 0 | L68: 0 | M68: 0 | N68: 0 | O68: 0 | P68: 0 | Q68: 0 | R68: 0 | S68: 0 | T68: 0 | U68: 0 | V68: 0 | W68: 0 | X68: 0 | Y68: 0 | Z68: 0 | AA68: 0 | AB68: 0 | AC68: 0 | AD68: 0 | AE68: 0 | AF68: 0 | AG68: 0 | AH68: 0 | AI68: 0 | AJ68: 0 | AK68: 0 | AL68: 0 | AM68: 0 | AN68: 0 | AO68: 0 | AP68: 0 | AQ68: 0 | AR68: 0 | AS68: 0 | AT68: 0 | AU68: 0 | AV68: 0 | AW68: -0.875 | AX68: 0 | AY68: 0 | AZ68: 1.125 | BA68: 0 | BB68: 0 | BC68: 0 | BD68: 0 | BE68: 0 | BF68: 0 | BG68: 0 | BH68: 0 | BI68: 0 | BJ68: 0 | BK68: 0 | BL68: 0 | BM68: 0 | BN68: 0 | BO68: 0 | BP68: 0 | BQ68: 0 | BR68: 0 | BS68: 0 | BT68: 0 | BU68: 0 | BV68: 0 | BW68: 0 | BX68: 0 | BY68: 0 | BZ68: 0 | CA68: 0 | CB68: 0 | CC68: 0 | CD68: 0 | CE68: 0 | CF68: 0 | CG68: 0 | CH68: 0 | CI68: 0 | CJ68: 0.875 | CK68: 0 | CL68: 0 | CM68: 0 | CN68: 0 | CO68: 0 | CP68: 0 | CQ68: 0 | CR68: 0 | CS68: 0 | CT68: 0 | CU68: 0 | CV68: 0 | CW68: 0 | CX68: 0 | CY68: 0 | CZ68: 0 | DA68: 0 | DB68: 0 | DC68: 0 | DD68: 0.875 | DE68: 0 | DF68: 0 | DG68: 0 | DH68: 0 | DI68: 0 | DJ68: 0 | DK68: 0 | DL68: 0 | DM68: 0 | DN68: 1.125 | DO68: 0 | DP68: 0 | DQ68: 0 | DR68: 0 | DS68: 0 | DT68: 0 | DU68: 0 | DV68: 0 | DW68: 0 | DX68: 0 | DY68: 0 | DZ68: 0 | EA68: 0 | EB68: 0 | EC68: 0 | ED68: 0 | EE68: 0 | EF68: -1.125 | EG68: 0 | EH68: 3.125 | EI68: {=VLOOKUP(A68,'Opponent List'!$A1:$P137,16,FALSE)} -> 2.3886764 | EJ68: 5.5136048
A69: Missouri St | B69: 0 | C69: 0 | D69: 0 | E69: 0 | F69: 0 | G69: 0 | H69: 0 | I69: 0 | J69: 0 | K69: 0 | L69: 0 | M69: 0 | N69: 0 | O69: 0 | P69: 0 | Q69: 0 | R69: 0 | S69: 0 | T69: -0.875 | U69: 0 | V69: 0 | W69: 0 | X69: 0 | Y69: 0 | Z69: 0 | AA69: 0 | AB69: 0 | AC69: 0 | AD69: 0 | AE69: 0 | AF69: 0 | AG69: 0 | AH69: 0 | AI69: 0 | AJ69: 0 | AK69: 0 | AL69: 0 | AM69: 0 | AN69: 0 | AO69: 0 | AP69: 0 | AQ69: 0 | AR69: 0 | AS69: 0 | AT69: 0 | AU69: 1.125 | AV69: 0 | AW69: -1.125 | AX69: 0 | AY69: 0 | AZ69: 0 | BA69: 0 | BB69: 0 | BC69: 0 | BD69: 0 | BE69: 0 | BF69: 0 | BG69: -0.875 | BH69: 0 | BI69: 0 | BJ69: 0 | BK69: 0 | BL69: 0 | BM69: 0 | BN69: 0 | BO69: 0 | BP69: 0 | BQ69: 0 | BR69: 0 | BS69: 0 | BT69: 0 | BU69: 0 | BV69: 0 | BW69: 0 | BX69: 0 | BY69: 0 | BZ69: 0 | CA69: 0 | CB69: 0 | CC69: 0 | CD69: 0 | CE69: 0 | CF69: 0 | CG69: 0 | CH69: 0 | CI69: 0 | CJ69: 0 | CK69: 0 | CL69: 0 | CM69: 0 | CN69: 0 | CO69: 0 | CP69: 0 | CQ69: -0.875 | CR69: 0 | CS69: 0 | CT69: 0 | CU69: 0 | CV69: 0 | CW69: 0 | CX69: 0 | CY69: 0 | CZ69: 0 | DA69: 0 | DB69: -1.125 | DC69: 0 | DD69: 0 | DE69: -1.125 | DF69: 0 | DG69: 0 | DH69: 0 | DI69: 0 | DJ69: 0 | DK69: 0 | DL69: 0 | DM69: 0 | DN69: 0 | DO69: 0 | DP69: 0 | DQ69: 0 | DR69: 0 | DS69: 0 | DT69: 0 | DU69: 0 | DV69: 0 | DW69: 0 | DX69: 0 | DY69: 0 | DZ69: 0 | EA69: 0 | EB69: 0 | EC69: 0 | ED69: 0 | EE69: 0 | EF69: 0 | EG69: 0 | EH69: -4.875 | EI69: {=VLOOKUP(A69,'Opponent List'!$A1:$P137,16,FALSE)} -> 1.7042768 | EJ69: -3.1708242
A70: Missouri | B70: 0 | C70: 0 | D70: 0 | E70: 0 | F70: 0 | G70: 0 | H70: 0.875 | I70: 0 | J70: 0 | K70: 0 | L70: 0 | M70: 0 | N70: 0 | O70: 0 | P70: 0 | Q70: 0 | R70: 0 | S70: 0 | T70: 0 | U70: 0 | V70: 0 | W70: 0 | X70: 0 | Y70: 0 | Z70: 0 | AA70: 0 | AB70: 0 | AC70: 0 | AD70: 0 | AE70: 0 | AF70: 1.125 | AG70: 0 | AH70: 0 | AI70: 0 | AJ70: 0 | AK70: 0 | AL70: 0 | AM70: 1.125 | AN70: 0 | AO70: 0 | AP70: 0 | AQ70: 0 | AR70: 0 | AS70: 0 | AT70: 1.125 | AU70: 0 | AV70: 0 | AW70: 0 | AX70: 0 | AY70: 0 | AZ70: 0 | BA70: 0 | BB70: 0 | BC70: 0 | BD70: 0 | BE70: 0 | BF70: 0 | BG70: 0 | BH70: 0 | BI70: 0 | BJ70: 0 | BK70: 0 | BL70: 0 | BM70: 0 | BN70: 0 | BO70: 0 | BP70: 0 | BQ70: 0 | BR70: 0 | BS70: 0 | BT70: 0 | BU70: 0 | BV70: 0 | BW70: 0 | BX70: 0 | BY70: 0 | BZ70: 0 | CA70: 0 | CB70: 0 | CC70: 0 | CD70: -0.875 | CE70: 0 | CF70: 0 | CG70: 0 | CH70: 0 | CI70: 0 | CJ70: 0 | CK70: 0 | CL70: 0 | CM70: 0 | CN70: 0 | CO70: 0 | CP70: 0 | CQ70: 0 | CR70: 0 | CS70: 0 | CT70: 0 | CU70: 1.125 | CV70: 0 | CW70: 0 | CX70: 0 | CY70: 0 | CZ70: 0 | DA70: 0 | DB70: 0 | DC70: 0 | DD70: 0 | DE70: 0 | DF70: 0 | DG70: 0 | DH70: 0 | DI70: 0 | DJ70: 0 | DK70: 0 | DL70: 0 | DM70: 0 | DN70: 0 | DO70: 0 | DP70: 0.875 | DQ70: 0 | DR70: 0 | DS70: 0 | DT70: 0 | DU70: 0 | DV70: 0 | DW70: 0 | DX70: 0 | DY70: 0 | DZ70: 0 | EA70: 0 | EB70: 0 | EC70: 0 | ED70: 0 | EE70: 0 | EF70: 0 | EG70: 0 | EH70: 5.375 | EI70: {=VLOOKUP(A70,'Opponent List'!$A1:$P137,16,FALSE)} -> -1.3606915 | EJ70: 4.0142572
A71: N Illinois | B71: 0 | C71: 0 | D71: 0 | E71: 0 | F71: 0 | G71: 0 | H71: 0 | I71: 0 | J71: 0 | K71: 0 | L71: 0 | M71: 0 | N71: 0 | O71: 0 | P71: 0 | Q71: 0 | R71: 0 | S71: 0 | T71: 0 | U71: 0 | V71: 0 | W71: 0 | X71: 0 | Y71: 0 | Z71: 0 | AA71: 0 | AB71: 0 | AC71: 0 | AD71: 0 | AE71: 0 | AF71: 0 | AG71: 0 | AH71: 0 | AI71: 0 | AJ71: 0 | AK71: 0 | AL71: 0 | AM71: 0 | AN71: 0 | AO71: 0 | AP71: 0 | AQ71: 0 | AR71: -1.125 | AS71: 0 | AT71: 0 | AU71: 0 | AV71: 0 | AW71: 0 | AX71: 0 | AY71: 0 | AZ71: 0 | BA71: 0 | BB71: -0.875 | BC71: 0 | BD71: 0 | BE71: 0 | BF71: 0 | BG71: 0 | BH71: -1.125 | BI71: 0 | BJ71: 0 | BK71: 0 | BL71: 0 | BM71: 0 | BN71: 0 | BO71: 0 | BP71: 0 | BQ71: 0 | BR71: 0 | BS71: 0 | BT71: 0 | BU71: 0 | BV71: 0 | BW71: 0 | BX71: 0 | BY71: 0 | BZ71: 0 | CA71: 0 | CB71: 0 | CC71: 0 | CD71: 0 | CE71: 0 | CF71: 0 | CG71: 0 | CH71: 0 | CI71: 0 | CJ71: -0.875 | CK71: 0 | CL71: 0 | CM71: 0 | CN71: 0 | CO71: 0 | CP71: 0 | CQ71: 0 | CR71: 0 | CS71: 0 | CT71: 0 | CU71: 0 | CV71: 0 | CW71: 0 | CX71: 0 | CY71: 0 | CZ71: 0 | DA71: 0 | DB71: 0 | DC71: 0 | DD71: 0 | DE71: 0 | DF71: 0 | DG71: 0 | DH71: 0 | DI71: 0 | DJ71: 0 | DK71: 0 | DL71: 0 | DM71: 0 | DN71: 0 | DO71: 0 | DP71: 0 | DQ71: 0 | DR71: 0 | DS71: 0 | DT71: 0 | DU71: 0 | DV71: -1.125 | DW71: 0 | DX71: -0.875 | DY71: 0 | DZ71: 0 | EA71: 0 | EB71: 0 | EC71: 0 | ED71: -0.875 | EE71: 0 | EF71: 0 | EG71: 0 | EH71: -6.875 | EI71: {=VLOOKUP(A71,'Opponent List'!$A1:$P137,16,FALSE)} -> 2.527958 | EJ71: -4.3473535
A72: N Texas | B72: 0 | C72: 0 | D72: 0 | E72: 0 | F72: 0 | G72: 0 | H72: 0 | I72: 0 | J72: 0 | K72: 0 | L72: 0 | M72: 0 | N72: 0 | O72: 0 | P72: 0 | Q72: 0 | R72: 0 | S72: 0 | T72: 0 | U72: 0 | V72: 0 | W72: 0 | X72: 0 | Y72: 0 | Z72: 1.125 | AA72: 0 | AB72: 0 | AC72: 0 | AD72: 0 | AE72: 0 | AF72: 0 | AG72: 0 | AH72: 0 | AI72: 0 | AJ72: 0 | AK72: 0 | AL72: 0 | AM72: 0 | AN72: 0 | AO72: 0 | AP72: 0 | AQ72: 0 | AR72: 0 | AS72: 0 | AT72: 0 | AU72: 0 | AV72: 0 | AW72: 0 | AX72: 0 | AY72: 0 | AZ72: 0 | BA72: 0 | BB72: 0 | BC72: 0 | BD72: 0 | BE72: 0 | BF72: 1.125 | BG72: 0 | BH72: 0 | BI72: 0 | BJ72: 0 | BK72: 0 | BL72: 0 | BM72: 0 | BN72: 0 | BO72: 0 | BP72: 0 | BQ72: 0 | BR72: 0 | BS72: 0 | BT72: 0 | BU72: 0 | BV72: 0 | BW72: 0 | BX72: 0 | BY72: 0 | BZ72: 0 | CA72: 0 | CB72: 0 | CC72: 0 | CD72: 0 | CE72: -0.875 | CF72: 0 | CG72: 0 | CH72: 1.125 | CI72: 0.875 | CJ72: 0 | CK72: 0 | CL72: 0 | CM72: 0 | CN72: 0 | CO72: 0 | CP72: 0 | CQ72: 0 | CR72: 0 | CS72: 1.125 | CT72: 0 | CU72: 0 | CV72: 0 | CW72: 0 | CX72: 0 | CY72: 0 | CZ72: 0 | DA72: 1.125 | DB72: 0 | DC72: 0 | DD72: 0 | DE72: 0 | DF72: 0 | DG72: 0 | DH72: 0 | DI72: 0 | DJ72: 0 | DK72: 0 | DL72: 0 | DM72: 0 | DN72: 0 | DO72: 0 | DP72: 0 | DQ72: 0 | DR72: 0 | DS72: 0 | DT72: 0 | DU72: 0 | DV72: 0 | DW72: 0 | DX72: 0 | DY72: 0 | DZ72: 0 | EA72: 0 | EB72: 0 | EC72: 0 | ED72: 0 | EE72: 0 | EF72: 0 | EG72: 0 | EH72: 5.625 | EI72: {=VLOOKUP(A72,'Opponent List'!$A1:$P137,16,FALSE)} -> -2.3640669 | EJ72: 3.2610572
A73: NC State | B73: 0 | C73: 0 | D73: 0 | E73: 0 | F73: 0 | G73: 0 | H73: 0 | I73: 0 | J73: 0 | K73: 0 | L73: 0 | M73: 0 | N73: 0 | O73: 0 | P73: 0 | Q73: 0 | R73: 0 | S73: 0 | T73: 0 | U73: 0 | V73: 0 | W73: 0 | X73: 0 | Y73: 0 | Z73: 0 | AA73: 0 | AB73: 0 | AC73: 0 | AD73: 0 | AE73: 0 | AF73: 0 | AG73: 0 | AH73: 0 | AI73: 1.125 | AJ73: 0 | AK73: 0 | AL73: 0 | AM73: 0 | AN73: 0 | AO73: 0 | AP73: -0.875 | AQ73: 0 | AR73: 0 | AS73: 0 | AT73: 0 | AU73: 0 | AV73: 0 | AW73: 0 | AX73: 0.875 | AY73: 0 | AZ73: 0 | BA73: 0 | BB73: 0 | BC73: 0 | BD73: 0 | BE73: 0 | BF73: 0 | BG73: 0 | BH73: 0 | BI73: 0 | BJ73: 0 | BK73: 0 | BL73: 0 | BM73: 0 | BN73: 0 | BO73: 0 | BP73: 0 | BQ73: 0 | BR73: 0 | BS73: 0 | BT73: 0 | BU73: 0 | BV73: 0 | BW73: 0 | BX73: 0 | BY73: 0 | BZ73: 0 | CA73: 0 | CB73: 0 | CC73: 0 | CD73: 0 | CE73: 0 | CF73: 0 | CG73: 0 | CH73: 0 | CI73: 0 | CJ73: 0 | CK73: 0 | CL73: 0 | CM73: 0 | CN73: 0 | CO73: 0 | CP73: 0 | CQ73: 0 | CR73: 0 | CS73: 0 | CT73: 0 | CU73: 0 | CV73: 0 | CW73: 0 | CX73: 0 | CY73: 0 | CZ73: 0 | DA73: 0 | DB73: 0 | DC73: 0 | DD73: 0 | DE73: 0 | DF73: 0 | DG73: 0 | DH73: 0 | DI73: 0 | DJ73: 0 | DK73: 0 | DL73: 0 | DM73: 0 | DN73: 0 | DO73: 0.875 | DP73: 0 | DQ73: 0 | DR73: 0 | DS73: 0 | DT73: 0 | DU73: 1.75 | DV73: 0 | DW73: 0 | DX73: 0 | DY73: -0.875 | DZ73: 0 | EA73: 0 | EB73: 0 | EC73: 0 | ED73: 0 | EE73: 0 | EF73: 0 | EG73: 0 | EH73: 2.875 | EI73: {=VLOOKUP(A73,'Opponent List'!$A1:$P137,16,FALSE)} -> -2.2792261 | EJ73: 0.59579452
A74: Navy | B74: 0 | C74: 0 | D74: 0 | E74: 0 | F74: 0 | G74: 0 | H74: 0 | I74: 0 | J74: 0 | K74: 0 | L74: 0 | M74: 0 | N74: 0 | O74: 0 | P74: 1.125 | Q74: 0 | R74: 0 | S74: 0 | T74: 0 | U74: 0 | V74: 0 | W74: 0 | X74: 0 | Y74: 0 | Z74: 0 | AA74: 0 | AB74: 0 | AC74: 0 | AD74: 0 | AE74: 0 | AF74: 1.125 | AG74: 0 | AH74: -0.875 | AI74: 0 | AJ74: 0 | AK74: 0 | AL74: 0 | AM74: 0 | AN74: 0 | AO74: 0 | AP74: 0.875 | AQ74: 0 | AR74: 0 | AS74: 0 | AT74: 0 | AU74: 0 | AV74: 0 | AW74: 0 | AX74: 0 | AY74: 0 | AZ74: 0 | BA74: 0 | BB74: 1.125 | BC74: 0 | BD74: 0 | BE74: 0 | BF74: 0 | BG74: 0 | BH74: 0 | BI74: 0 | BJ74: 0 | BK74: 0 | BL74: 0 | BM74: 0 | BN74: 0 | BO74: 0 | BP74: 0 | BQ74: 0 | BR74: 0 | BS74: 0 | BT74: 0 | BU74: 0 | BV74: 0 | BW74: 0 | BX74: 0 | BY74: 0 | BZ74: 0 | CA74: 0 | CB74: 0 | CC74: 0 | CD74: 0 | CE74: 0 | CF74: 0 | CG74: 0 | CH74: 0 | CI74: 0 | CJ74: -1.125 | CK74: 0 | CL74: 0 | CM74: 0 | CN74: 0 | CO74: 0 | CP74: 0 | CQ74: 0 | CR74: 0 | CS74: 0 | CT74: 0 | CU74: 0 | CV74: 0 | CW74: 0 | CX74: -0.875 | CY74: 0 | CZ74: 0 | DA74: 0 | DB74: 0 | DC74: 0 | DD74: 0 | DE74: 0 | DF74: 0 | DG74: 0 | DH74: 0 | DI74: 0 | DJ74: 0 | DK74: 0 | DL74: 0 | DM74: 0 | DN74: 0 | DO74: 0 | DP74: 0 | DQ74: 0 | DR74: 0 | DS74: 0 | DT74: 0 | DU74: 0 | DV74: 0 | DW74: 0 | DX74: 0 | DY74: 0 | DZ74: 0 | EA74: 0 | EB74: 0 | EC74: 0 | ED74: 0 | EE74: 0 | EF74: 0 | EG74: 0 | EH74: 1.375 | EI74: {=VLOOKUP(A74,'Opponent List'!$A1:$P137,16,FALSE)} -> 1.8684657 | EJ74: 3.2433579
A75: Nebraska | B75: 0 | C75: 0 | D75: 0 | E75: 0 | F75: 0 | G75: 0 | H75: 0 | I75: 0 | J75: 0 | K75: 0 | L75: 0 | M75: 0 | N75: 0 | O75: 0 | P75: 0 | Q75: 0 | R75: 0 | S75: 0 | T75: 0 | U75: 0 | V75: 0 | W75: 0 | X75: 0 | Y75: 0.875 | Z75: 0 | AA75: 0 | AB75: 0 | AC75: 0 | AD75: 0 | AE75: 0 | AF75: 0 | AG75: 0 | AH75: 0 | AI75: 0 | AJ75: 0 | AK75: 0.875 | AL75: 0 | AM75: 0 | AN75: 1.125 | AO75: 0 | AP75: 0 | AQ75: 0 | AR75: 0 | AS75: 0 | AT75: 0 | AU75: 0 | AV75: 0 | AW75: 0 | AX75: 0 | AY75: 0 | AZ75: 0 | BA75: 0 | BB75: 0 | BC75: 0 | BD75: 0 | BE75: 0 | BF75: -1.125 | BG75: 0 | BH75: 0 | BI75: 0 | BJ75: 0 | BK75: 0 | BL75: 0 | BM75: 0 | BN75: 0 | BO75: 0 | BP75: 0 | BQ75: 0 | BR75: 0 | BS75: 0 | BT75: 0 | BU75: 0 | BV75: 0 | BW75: 0 | BX75: 0 | BY75: 0 | BZ75: 0 | CA75: 0.875 | CB75: 0 | CC75: 0 | CD75: 0 | CE75: 0 | CF75: 0 | CG75: 0 | CH75: 0 | CI75: 0 | CJ75: -0.875 | CK75: 0 | CL75: 0 | CM75: 0 | CN75: 0 | CO75: 0 | CP75: 0 | CQ75: 0 | CR75: 0 | CS75: 0 | CT75: 0 | CU75: 0 | CV75: 0 | CW75: 0 | CX75: 0 | CY75: 0 | CZ75: 0 | DA75: 0 | DB75: 0 | DC75: 0 | DD75: 0 | DE75: 0 | DF75: 0 | DG75: 0 | DH75: 0 | DI75: 0 | DJ75: 0 | DK75: 0 | DL75: 0 | DM75: 0 | DN75: 0 | DO75: 0 | DP75: 0 | DQ75: 1.125 | DR75: 0 | DS75: 0 | DT75: 0 | DU75: 0 | DV75: 0 | DW75: 0 | DX75: 0 | DY75: 0 | DZ75: 0 | EA75: 0 | EB75: 0 | EC75: 0 | ED75: 0 | EE75: 0 | EF75: 0 | EG75: 0 | EH75: 2.875 | EI75: {=VLOOKUP(A75,'Opponent List'!$A1:$P137,16,FALSE)} -> -0.95218538 | EJ75: 1.9227152
A76: Nevada | B76: 0 | C76: 0 | D76: 0 | E76: 0 | F76: 0 | G76: 0 | H76: 0 | I76: 0 | J76: 0 | K76: 0 | L76: 0 | M76: 0 | N76: 0 | O76: 0 | P76: 0 | Q76: 0 | R76: 0 | S76: 0 | T76: 0 | U76: 0 | V76: 0 | W76: 0 | X76: 0 | Y76: 0 | Z76: 0 | AA76: 0 | AB76: 0 | AC76: 0 | AD76: 0 | AE76: 0 | AF76: 0 | AG76: 0 | AH76: -0.875 | AI76: 0 | AJ76: 0 | AK76: 0 | AL76: -0.875 | AM76: 0 | AN76: 0 | AO76: 0 | AP76: -1.125 | AQ76: 0 | AR76: 0 | AS76: 0 | AT76: 0 | AU76: 0 | AV76: 0 | AW76: 0 | AX76: 0 | AY76: 0 | AZ76: 0 | BA76: 0 | BB76: 0 | BC76: 0 | BD76: 0 | BE76: 0 | BF76: 0 | BG76: 0 | BH76: 0 | BI76: 0 | BJ76: 0 | BK76: -1.125 | BL76: 0 | BM76: 0 | BN76: 0 | BO76: 0 | BP76: 0 | BQ76: 0 | BR76: 0 | BS76: 0 | BT76: 0 | BU76: 0 | BV76: 0 | BW76: 0 | BX76: 0 | BY76: 0 | BZ76: 0 | CA76: 0 | CB76: 0 | CC76: 0 | CD76: 0 | CE76: 0 | CF76: 0 | CG76: 0 | CH76: 0 | CI76: 0 | CJ76: 0 | CK76: -1.125 | CL76: 0 | CM76: 0 | CN76: 0 | CO76: 0 | CP76: 0 | CQ76: 0 | CR76: 0 | CS76: 0 | CT76: 0 | CU76: 0 | CV76: 0 | CW76: 0 | CX76: 0 | CY76: 0 | CZ76: -1.125 | DA76: 0 | DB76: 0 | DC76: 0 | DD76: 0 | DE76: 0 | DF76: 0 | DG76: 0 | DH76: 0 | DI76: 0 | DJ76: 0 | DK76: 0 | DL76: 0 | DM76: 0 | DN76: 0 | DO76: 0 | DP76: 0 | DQ76: 0 | DR76: 0 | DS76: 0 | DT76: -1.125 | DU76: 0 | DV76: 0 | DW76: 0 | DX76: 0 | DY76: 0 | DZ76: 0 | EA76: 0 | EB76: 0 | EC76: 0 | ED76: 0 | EE76: 0 | EF76: 0 | EG76: 0 | EH76: -7.375 | EI76: {=VLOOKUP(A76,'Opponent List'!$A1:$P137,16,FALSE)} -> 3.2887456 | EJ76: -4.0864015
A77: New Mexico St | B77: 0 | C77: 0 | D77: 0 | E77: 0 | F77: 0 | G77: -1.125 | H77: 0 | I77: 0 | J77: 0 | K77: -0.875 | L77: 0 | M77: 0 | N77: 0 | O77: 0 | P77: 0 | Q77: 0 | R77: 0 | S77: 0 | T77: 0 | U77: 0 | V77: 0 | W77: 0 | X77: 0 | Y77: 0 | Z77: 0 | AA77: 0 | AB77: 0 | AC77: 0 | AD77: 0 | AE77: 0 | AF77: 0 | AG77: 0 | AH77: 0 | AI77: 0 | AJ77: 0 | AK77: 0 | AL77: 0 | AM77: 0 | AN77: 0 | AO77: 0 | AP77: 0 | AQ77: 0 | AR77: 0 | AS77: 0 | AT77: 0 | AU77: 0 | AV77: 0 | AW77: 0 | AX77: 0 | AY77: 0 | AZ77: 0 | BA77: 0 | BB77: 0 | BC77: 0 | BD77: 0 | BE77: 0 | BF77: 0 | BG77: 0 | BH77: 0 | BI77: 0 | BJ77: 0 | BK77: 0 | BL77: 0 | BM77: 0 | BN77: 0 | BO77: 0 | BP77: 0 | BQ77: 0 | BR77: 0 | BS77: 0 | BT77: 0 | BU77: 0 | BV77: 0 | BW77: 0 | BX77: 0 | BY77: 0 | BZ77: 0 | CA77: 0 | CB77: 0 | CC77: 0 | CD77: 0 | CE77: 0 | CF77: 0 | CG77: 0 | CH77: 0 | CI77: 0 | CJ77: 0 | CK77: -0.875 | CL77: 0 | CM77: 0 | CN77: 0.875 | CO77: 0 | CP77: 0 | CQ77: 0 | CR77: 0 | CS77: 0 | CT77: -0.875 | CU77: 0 | CV77: 0 | CW77: 0 | CX77: 0 | CY77: 0.875 | CZ77: 0 | DA77: 0 | DB77: 0 | DC77: 0 | DD77: 0 | DE77: 0 | DF77: 0 | DG77: 0 | DH77: 0 | DI77: 0 | DJ77: 0 | DK77: 0 | DL77: 0 | DM77: 0 | DN77: 0 | DO77: 0 | DP77: 0 | DQ77: 0 | DR77: 0 | DS77: 0 | DT77: 0 | DU77: 0 | DV77: 0 | DW77: 0 | DX77: 0 | DY77: 0 | DZ77: 0 | EA77: -0.875 | EB77: 0 | EC77: 0 | ED77: 0 | EE77: 0 | EF77: 0 | EG77: 0 | EH77: -2.875 | EI77: {=VLOOKUP(A77,'Opponent List'!$A1:$P137,16,FALSE)} -> 0.12735581 | EJ77: -2.7476286
A78: New Mexico | B78: 0 | C78: 0 | D78: 0 | E78: 0.875 | F78: 0 | G78: 0 | H78: 0 | I78: 0 | J78: 0 | K78: 0 | L78: 0 | M78: 0 | N78: 0 | O78: 0 | P78: 0 | Q78: 0 | R78: 0 | S78: 0 | T78: 0 | U78: 0 | V78: 0 | W78: 0 | X78: 0 | Y78: 0 | Z78: 0.875 | AA78: 0 | AB78: 0 | AC78: 0 | AD78: 0 | AE78: 0 | AF78: 0 | AG78: -1.125 | AH78: 0 | AI78: 0 | AJ78: 0 | AK78: 0 | AL78: 0 | AM78: 0 | AN78: 0 | AO78: 0 | AP78: 0 | AQ78: 0 | AR78: 0 | AS78: 0 | AT78: 0 | AU78: 0 | AV78: 0.875 | AW78: 0 | AX78: 0 | AY78: 0 | AZ78: 0 | BA78: 0 | BB78: 0 | BC78: 0 | BD78: 0 | BE78: 0 | BF78: 0 | BG78: 0 | BH78: 0 | BI78: 0 | BJ78: 0 | BK78: 0 | BL78: 0 | BM78: 0 | BN78: 0 | BO78: 0 | BP78: 0 | BQ78: 0 | BR78: 0 | BS78: 0 | BT78: 0 | BU78: 0 | BV78: 0 | BW78: 0 | BX78: 0 | BY78: 0 | BZ78: 0 | CA78: 0 | CB78: 0 | CC78: 0 | CD78: 0 | CE78: 0 | CF78: 0 | CG78: 0 | CH78: 0 | CI78: 0 | CJ78: 0 | CK78: 0 | CL78: 0 | CM78: 0 | CN78: 0 | CO78: 0 | CP78: 0 | CQ78: 0 | CR78: 0 | CS78: 0 | CT78: 0 | CU78: 0 | CV78: 0 | CW78: 0 | CX78: 0 | CY78: 0 | CZ78: 0 | DA78: 0 | DB78: 0 | DC78: 0 | DD78: 0.875 | DE78: 0 | DF78: 0 | DG78: 0 | DH78: 0 | DI78: 0 | DJ78: 0 | DK78: 0 | DL78: 0 | DM78: 0 | DN78: 0 | DO78: 1.125 | DP78: 0 | DQ78: 0 | DR78: 0 | DS78: 0 | DT78: 0 | DU78: 0 | DV78: 0 | DW78: 0 | DX78: 0 | DY78: 0 | DZ78: 0 | EA78: -0.875 | EB78: 0 | EC78: 0 | ED78: 0 | EE78: 0 | EF78: 0 | EG78: 0 | EH78: 2.625 | EI78: {=VLOOKUP(A78,'Opponent List'!$A1:$P137,16,FALSE)} -> -0.94850003 | EJ78: 1.6767028
A79: North Carolina | B79: 0 | C79: 0 | D79: 0 | E79: 0 | F79: 0 | G79: 0 | H79: 0 | I79: 0 | J79: 0 | K79: 0 | L79: 0 | M79: 0 | N79: 0 | O79: 0.875 | P79: 0 | Q79: 0 | R79: 0 | S79: 0 | T79: 0 | U79: 0 | V79: 0 | W79: 0 | X79: 0 | Y79: 0 | Z79: 0 | AA79: 1.125 | AB79: 0 | AC79: 0 | AD79: 0 | AE79: 0 | AF79: 0 | AG79: 0 | AH79: 0 | AI79: 0 | AJ79: 0 | AK79: 0 | AL79: 0 | AM79: 0 | AN79: 0 | AO79: -0.875 | AP79: 0 | AQ79: 0 | AR79: 0 | AS79: 0 | AT79: 0 | AU79: 0 | AV79: 0 | AW79: 0 | AX79: 0 | AY79: 0 | AZ79: 0 | BA79: 0 | BB79: 0 | BC79: 0 | BD79: 0 | BE79: 0 | BF79: 0 | BG79: 0 | BH79: 0 | BI79: 0 | BJ79: 0 | BK79: 0 | BL79: 0 | BM79: 0 | BN79: 0 | BO79: 0 | BP79: 0 | BQ79: 0 | BR79: 0 | BS79: 0 | BT79: 0 | BU79: 0 | BV79: 0 | BW79: -0.875 | BX79: 0 | BY79: 0 | BZ79: 0 | CA79: 0 | CB79: 0 | CC79: 0 | CD79: 0 | CE79: 0 | CF79: 1.125 | CG79: 0 | CH79: 0 | CI79: 0 | CJ79: 0 | CK79: 0 | CL79: 0 | CM79: 0 | CN79: 0 | CO79: 0 | CP79: 0 | CQ79: 0 | CR79: -1.125 | CS79: 0 | CT79: 0 | CU79: 0 | CV79: -1.125 | CW79: 0 | CX79: 0 | CY79: 0 | CZ79: 0 | DA79: 0 | DB79: 0 | DC79: 0 | DD79: 0 | DE79: 0 | DF79: 0 | DG79: 0 | DH79: 0 | DI79: 0 | DJ79: 0 | DK79: 0 | DL79: 0 | DM79: 0 | DN79: 0 | DO79: 0 | DP79: 0 | DQ79: 0 | DR79: 0 | DS79: 0 | DT79: 0 | DU79: 0 | DV79: 0 | DW79: 0 | DX79: 0 | DY79: 0 | DZ79: 0 | EA79: 0 | EB79: 0 | EC79: 0 | ED79: 0 | EE79: 0 | EF79: 0 | EG79: 0 | EH79: -0.875 | EI79: {=VLOOKUP(A79,'Opponent List'!$A1:$P137,16,FALSE)} -> 0.038582204 | EJ79: -0.8363601
A80: Northwestern | B80: 0.875 | C80: 0 | D80: 0 | E80: 0 | F80: 0 | G80: 0 | H80: 0 | I80: 0 | J80: 0 | K80: 0 | L80: 0 | M80: 0 | N80: 0 | O80: 0 | P80: 0 | Q80: 0 | R80: 0 | S80: 1.125 | T80: 0 | U80: 0 | V80: 0 | W80: 0 | X80: 0 | Y80: 0 | Z80: 0 | AA80: 0 | AB80: 0 | AC80: 0 | AD80: 0 | AE80: 0 | AF80: 0.875 | AG80: 0 | AH80: 0 | AI80: -1.125 | AJ80: 0 | AK80: 0 | AL80: 0 | AM80: 0 | AN80: 0 | AO80: 0 | AP80: 0 | AQ80: 0 | AR80: 0 | AS80: 0 | AT80: 0.875 | AU80: 0 | AV80: 0 | AW80: 0 | AX80: 0 | AY80: 0 | AZ80: 0 | BA80: 0 | BB80: 0 | BC80: 0 | BD80: 0 | BE80: 0 | BF80: 0 | BG80: 0 | BH80: 0 | BI80: 0 | BJ80: 0 | BK80: 0 | BL80: 0 | BM80: 0 | BN80: 0 | BO80: 0 | BP80: 0 | BQ80: 0 | BR80: 0 | BS80: 0 | BT80: 0 | BU80: 0 | BV80: 0 | BW80: 0 | BX80: 0 | BY80: 0 | BZ80: 0 | CA80: 0 | CB80: 0 | CC80: 0 | CD80: 0 | CE80: 0 | CF80: 0 | CG80: 0 | CH80: 0 | CI80: 0 | CJ80: 0 | CK80: -0.875 | CL80: 0 | CM80: 0 | CN80: 0 | CO80: -1.125 | CP80: 0 | CQ80: 0 | CR80: 0 | CS80: 0 | CT80: 0 | CU80: 0 | CV80: 0 | CW80: 0 | CX80: 0 | CY80: 0 | CZ80: 0 | DA80: 0 | DB80: 0 | DC80: 0 | DD80: 0 | DE80: 0 | DF80: 0 | DG80: 0 | DH80: 0 | DI80: 0 | DJ80: 0 | DK80: 0 | DL80: 0 | DM80: 0 | DN80: 0 | DO80: 0 | DP80: 0 | DQ80: 0 | DR80: 0 | DS80: 0 | DT80: 0 | DU80: 0 | DV80: 0 | DW80: 0 | DX80: 0 | DY80: 0 | DZ80: 0 | EA80: 0 | EB80: 0 | EC80: 0 | ED80: 0 | EE80: 0 | EF80: 0 | EG80: 0 | EH80: 0.625 | EI80: {=VLOOKUP(A80,'Opponent List'!$A1:$P137,16,FALSE)} -> -1.7945126 | EJ80: -1.1695043
A81: Notre Dame | B81: 0.875 | C81: 0 | D81: 0 | E81: 0 | F81: 0 | G81: 0.875 | H81: 1.125 | I81: 0 | J81: 0 | K81: 0 | L81: 1.125 | M81: 0 | N81: 0 | O81: 0 | P81: 0 | Q81: 0 | R81: 0 | S81: 0 | T81: 0 | U81: 0 | V81: 0 | W81: 0 | X81: 0 | Y81: 0 | Z81: 0 | AA81: 0 | AB81: 0 | AC81: 0 | AD81: 0 | AE81: 0 | AF81: 0 | AG81: 0 | AH81: 0 | AI81: 0 | AJ81: 0.875 | AK81: 0 | AL81: 0 | AM81: 0 | AN81: 0 | AO81: 0 | AP81: 0 | AQ81: 0 | AR81: 0 | AS81: 0 | AT81: 0 | AU81: 0 | AV81: 0 | AW81: 0 | AX81: 0 | AY81: 0 | AZ81: 0 | BA81: 0 | BB81: 0 | BC81: 0 | BD81: 0 | BE81: 0 | BF81: 0 | BG81: 0 | BH81: 0 | BI81: 0 | BJ81: 0 | BK81: 0 | BL81: 0 | BM81: 0 | BN81: 0 | BO81: 0 | BP81: 0 | BQ81: 0 | BR81: 0 | BS81: 0 | BT81: 0 | BU81: 0 | BV81: 0 | BW81: 0 | BX81: 0 | BY81: 0 | BZ81: 0 | CA81: 0 | CB81: 0 | CC81: 0 | CD81: 0 | CE81: 0 | CF81: 0 | CG81: 0.875 | CH81: 0 | CI81: 0 | CJ81: 0 | CK81: 0 | CL81: 0 | CM81: 0 | CN81: 0 | CO81: 0 | CP81: 0 | CQ81: 0 | CR81: 0 | CS81: 0 | CT81: 0 | CU81: 0 | CV81: 0 | CW81: 0 | CX81: 0 | CY81: 0 | CZ81: 0 | DA81: 0 | DB81: 0 | DC81: 0 | DD81: 0 | DE81: 0 | DF81: 0 | DG81: 0 | DH81: 0 | DI81: 0 | DJ81: 0 | DK81: 0 | DL81: 0 | DM81: 0 | DN81: 0 | DO81: 0 | DP81: 0 | DQ81: 0 | DR81: 0 | DS81: 0 | DT81: 0 | DU81: 0 | DV81: 0 | DW81: 0 | DX81: 0 | DY81: 0 | DZ81: 0 | EA81: 0 | EB81: 1.125 | EC81: 0 | ED81: 0 | EE81: 0 | EF81: 0 | EG81: 0 | EH81: 6.875 | EI81: {=VLOOKUP(A81,'Opponent List'!$A1:$P137,16,FALSE)} -> 0.87863156 | EJ81: 7.7537153
A82: Ohio St | B82: 0 | C82: 0 | D82: 0 | E82: 0 | F82: 0 | G82: 0 | H82: 0 | I82: 0 | J82: 0 | K82: 0 | L82: 0 | M82: 0 | N82: 0 | O82: 0 | P82: 0 | Q82: 0 | R82: 0 | S82: 0 | T82: 0 | U82: 0 | V82: 0 | W82: 0 | X82: 0 | Y82: 0 | Z82: 0 | AA82: 0 | AB82: 0 | AC82: 0.875 | AD82: 0 | AE82: 0 | AF82: 0 | AG82: 0 | AH82: 0 | AI82: 0 | AJ82: 0 | AK82: 0 | AL82: 0 | AM82: 0 | AN82: 1.125 | AO82: 0 | AP82: 0 | AQ82: 0 | AR82: 0 | AS82: 0 | AT82: 0 | AU82: 0 | AV82: 0 | AW82: -0.875 | AX82: 0 | AY82: 0 | AZ82: 0 | BA82: 0 | BB82: 0 | BC82: 0 | BD82: 0 | BE82: 0 | BF82: 0 | BG82: 0 | BH82: 0 | BI82: 0 | BJ82: 0 | BK82: 0 | BL82: 0 | BM82: 0 | BN82: 0 | BO82: 0 | BP82: 0 | BQ82: 0 | BR82: 0.875 | BS82: 0 | BT82: 0 | BU82: 0 | BV82: 0 | BW82: 0 | BX82: 0 | BY82: 0 | BZ82: 0 | CA82: 0 | CB82: 0 | CC82: 0 | CD82: 0 | CE82: 0 | CF82: 0 | CG82: 0 | CH82: 1.125 | CI82: 0 | CJ82: 0 | CK82: 0 | CL82: 0 | CM82: 0 | CN82: 0 | CO82: 0 | CP82: 1.125 | CQ82: 0 | CR82: 0 | CS82: 0 | CT82: 0 | CU82: 0 | CV82: 0 | CW82: 0 | CX82: 0 | CY82: 0 | CZ82: 0 | DA82: 0 | DB82: 0 | DC82: 0 | DD82: 0 | DE82: 0 | DF82: 0 | DG82: 0 | DH82: 0 | DI82: 0 | DJ82: 0 | DK82: 0 | DL82: 0 | DM82: 0 | DN82: 0 | DO82: 0 | DP82: 0 | DQ82: 0 | DR82: 0 | DS82: 0 | DT82: 0 | DU82: 0 | DV82: 0 | DW82: 0 | DX82: 0 | DY82: 0 | DZ82: 0 | EA82: 0 | EB82: 0 | EC82: 0 | ED82: 0 | EE82: 0 | EF82: 0 | EG82: 1.125 | EH82: 5.375 | EI82: {=VLOOKUP(A82,'Opponent List'!$A1:$P137,16,FALSE)} -> -0.10017695 | EJ82: 5.2748384
A83: Ohio | B83: 0 | C83: 1.125 | D83: 0 | E83: 0 | F83: 0 | G83: 0 | H83: 0 | I83: 0 | J83: 0 | K83: 0 | L83: 0 | M83: 0 | N83: 0 | O83: 0 | P83: 0 | Q83: 0 | R83: -0.875 | S83: 0 | T83: 0 | U83: 0 | V83: 0 | W83: 0 | X83: 0 | Y83: 0 | Z83: 0 | AA83: 0 | AB83: 0 | AC83: 0 | AD83: -0.875 | AE83: 0 | AF83: 0 | AG83: 0 | AH83: 0 | AI83: 0 | AJ83: 0 | AK83: 0 | AL83: 0 | AM83: 0 | AN83: 0 | AO83: 0 | AP83: 0 | AQ83: 0 | AR83: 0 | AS83: 0 | AT83: 0 | AU83: 0 | AV83: 0 | AW83: 0 | AX83: 0 | AY83: 0 | AZ83: 0 | BA83: 0 | BB83: 0 | BC83: 0 | BD83: 0 | BE83: 0 | BF83: 0 | BG83: 0 | BH83: 0 | BI83: 0 | BJ83: 0 | BK83: 0 | BL83: -1.125 | BM83: 0 | BN83: 0 | BO83: 0 | BP83: 0 | BQ83: 0 | BR83: 0 | BS83: 0 | BT83: 0.875 | BU83: 0 | BV83: 0 | BW83: 0 | BX83: 0 | BY83: 0 | BZ83: 0 | CA83: 0 | CB83: 0 | CC83: 0 | CD83: 0 | CE83: 0 | CF83: 0 | CG83: 0 | CH83: 0 | CI83: 0 | CJ83: 0 | CK83: 0 | CL83: 0 | CM83: 0 | CN83: 0 | CO83: 0 | CP83: 0 | CQ83: 0 | CR83: 0 | CS83: 0 | CT83: 0 | CU83: 1.125 | CV83: 0 | CW83: 0 | CX83: 0 | CY83: 0 | CZ83: 0 | DA83: 0 | DB83: 0 | DC83: 0 | DD83: 0 | DE83: 0 | DF83: 0 | DG83: 0 | DH83: 0 | DI83: 0 | DJ83: 0 | DK83: 0 | DL83: 0 | DM83: 0 | DN83: 0 | DO83: 0 | DP83: 0 | DQ83: 0 | DR83: 0 | DS83: 0 | DT83: 0 | DU83: 0 | DV83: 0 | DW83: 0 | DX83: 0 | DY83: 0 | DZ83: 0 | EA83: 0 | EB83: 0 | EC83: -0.875 | ED83: 0 | EE83: 0 | EF83: 0 | EG83: 0 | EH83: -0.625 | EI83: {=VLOOKUP(A83,'Opponent List'!$A1:$P137,16,FALSE)} -> -0.41728106 | EJ83: -1.0422675
A84: Oklahoma St | B84: 0 | C84: 0 | D84: 0 | E84: 0 | F84: 0 | G84: 0 | H84: 0 | I84: 0 | J84: 0 | K84: 0 | L84: 0 | M84: 0 | N84: 0 | O84: -1.125 | P84: 0 | Q84: 0 | R84: 0 | S84: 0 | T84: 0 | U84: 0 | V84: 0 | W84: 0 | X84: 0 | Y84: 0 | Z84: 0 | AA84: 0 | AB84: 0 | AC84: 0 | AD84: 0 | AE84: 0 | AF84: 0 | AG84: 0 | AH84: 0 | AI84: 1.125 | AJ84: 0 | AK84: 0 | AL84: 0 | AM84: 0 | AN84: 0 | AO84: 0 | AP84: 0 | AQ84: 0 | AR84: 0 | AS84: 0 | AT84: 0 | AU84: 0 | AV84: 0 | AW84: 0 | AX84: 0 | AY84: 0 | AZ84: 0 | BA84: 0 | BB84: 0 | BC84: 0 | BD84: 0 | BE84: 0 | BF84: 0 | BG84: 0 | BH84: 0 | BI84: 0 | BJ84: 0 | BK84: 0 | BL84: 0 | BM84: 0 | BN84: 0 | BO84: 0 | BP84: 0 | BQ84: 0 | BR84: 0 | BS84: 0 | BT84: 0 | BU84: 0 | BV84: 0 | BW84: 0 | BX84: 0 | BY84: 0 | BZ84: 0 | CA84: -1.125 | CB84: 0 | CC84: 0 | CD84: 0 | CE84: 0 | CF84: 0 | CG84: -1.125 | CH84: 0 | CI84: 0 | CJ84: 0 | CK84: 0 | CL84: 0 | CM84: 0 | CN84: 0 | CO84: 0 | CP84: 0 | CQ84: 0 | CR84: 0 | CS84: 0 | CT84: 0 | CU84: 0 | CV84: 0 | CW84: 0 | CX84: 0 | CY84: 0 | CZ84: 0 | DA84: 0 | DB84: -0.875 | DC84: 0 | DD84: 0 | DE84: 0 | DF84: 0 | DG84: 0 | DH84: 0 | DI84: 0 | DJ84: 0 | DK84: 0 | DL84: 0 | DM84: 0 | DN84: 0 | DO84: -1.125 | DP84: 0 | DQ84: 0 | DR84: 0 | DS84: 0 | DT84: 0 | DU84: 0 | DV84: 0 | DW84: 0 | DX84: 0 | DY84: 0 | DZ84: 0.875 | EA84: 0 | EB84: 0 | EC84: 0 | ED84: 0 | EE84: 0 | EF84: 0 | EG84: 0 | EH84: -3.375 | EI84: {=VLOOKUP(A84,'Opponent List'!$A1:$P137,16,FALSE)} -> -0.11458619 | EJ84: -3.4894621
A85: Oklahoma | B85: 0 | C85: 0 | D85: 0 | E85: 0 | F85: 0 | G85: 0 | H85: 0 | I85: 0 | J85: 0 | K85: 0 | L85: 0 | M85: 0 | N85: 0 | O85: 0 | P85: 0 | Q85: 0 | R85: 0 | S85: 0 | T85: 1.125 | U85: 0 | V85: 0 | W85: 0 | X85: 0 | Y85: 0 | Z85: 0 | AA85: 0 | AB85: 0 | AC85: 0 | AD85: 0 | AE85: 0 | AF85: 0 | AG85: 0 | AH85: 0 | AI85: 0 | AJ85: 0 | AK85: 0 | AL85: 0 | AM85: 0 | AN85: 0 | AO85: 0 | AP85: 0 | AQ85: 0 | AR85: 0 | AS85: 0 | AT85: 1.125 | AU85: 0 | AV85: 0 | AW85: 0.875 | AX85: 0 | AY85: 0 | AZ85: 0 | BA85: 0 | BB85: 0 | BC85: 0 | BD85: 0 | BE85: 0 | BF85: 0 | BG85: 0 | BH85: 0 | BI85: 0 | BJ85: 0 | BK85: 0 | BL85: 0 | BM85: 0 | BN85: 0 | BO85: 0 | BP85: 0 | BQ85: 0 | BR85: 0 | BS85: 0 | BT85: 0 | BU85: 0 | BV85: 0 | BW85: 0 | BX85: 0 | BY85: 0 | BZ85: 0 | CA85: 0 | CB85: 0 | CC85: -0.875 | CD85: 0 | CE85: 0 | CF85: 1.125 | CG85: 0 | CH85: 0 | CI85: 0 | CJ85: -0.875 | CK85: 0 | CL85: 0 | CM85: 0 | CN85: 0 | CO85: 0 | CP85: 0 | CQ85: 0 | CR85: 0 | CS85: 0 | CT85: 0 | CU85: 0 | CV85: 0 | CW85: 0 | CX85: 0 | CY85: 0 | CZ85: 0 | DA85: 0 | DB85: 0 | DC85: 0 | DD85: 0 | DE85: 0 | DF85: 0 | DG85: 0 | DH85: 0 | DI85: 0 | DJ85: 0 | DK85: 0 | DL85: 0 | DM85: 0 | DN85: 0 | DO85: 0 | DP85: 0 | DQ85: 0 | DR85: 0 | DS85: 0 | DT85: 0 | DU85: 0 | DV85: 0 | DW85: 0 | DX85: 0 | DY85: 0 | DZ85: 0 | EA85: 0 | EB85: 0 | EC85: 0 | ED85: 0 | EE85: 0 | EF85: 1.125 | EG85: 0 | EH85: 3.625 | EI85: {=VLOOKUP(A85,'Opponent List'!$A1:$P137,16,FALSE)} -> 2.0472047 | EJ85: 5.6719954
A86: Old Dominion | B86: 0 | C86: 0 | D86: -0.875 | E86: 0 | F86: 0.875 | G86: 0 | H86: 0 | I86: 0 | J86: 0 | K86: 0 | L86: 0 | M86: 0 | N86: 0 | O86: -1.125 | P86: 0 | Q86: 0 | R86: 0 | S86: 0 | T86: 0 | U86: 0 | V86: 0 | W86: 0 | X86: 0 | Y86: 0 | Z86: 0 | AA86: 0 | AB86: 0 | AC86: 0 | AD86: 0 | AE86: 0 | AF86: 0 | AG86: 0 | AH86: -1.125 | AI86: 0 | AJ86: 0 | AK86: 0 | AL86: 0 | AM86: 0 | AN86: 0 | AO86: 0 | AP86: 0 | AQ86: 0 | AR86: 0 | AS86: 0 | AT86: 0 | AU86: 0 | AV86: 0 | AW86: 0 | AX86: 0 | AY86: 0 | AZ86: 0 | BA86: 0 | BB86: 0 | BC86: 0 | BD86: 0 | BE86: 0 | BF86: 0 | BG86: 0 | BH86: 0 | BI86: 0 | BJ86: 0 | BK86: 0 | BL86: 0 | BM86: 0 | BN86: 0 | BO86: 0 | BP86: 0 | BQ86: 0 | BR86: 0 | BS86: 0 | BT86: -1.125 | BU86: 0 | BV86: 0 | BW86: 0 | BX86: 0 | BY86: 0 | BZ86: 0 | CA86: 0 | CB86: 0 | CC86: 0 | CD86: -1.125 | CE86: 0 | CF86: 0 | CG86: 0 | CH86: 0 | CI86: 0 | CJ86: 0 | CK86: 0 | CL86: 0 | CM86: 0 | CN86: 0 | CO86: 0 | CP86: 0 | CQ86: 0 | CR86: 0 | CS86: 0 | CT86: 0 | CU86: 0 | CV86: 0 | CW86: 0 | CX86: 0 | CY86: 0 | CZ86: 0 | DA86: 0 | DB86: 0 | DC86: 0 | DD86: 0 | DE86: 0 | DF86: 0 | DG86: 0 | DH86: 0 | DI86: 0 | DJ86: 0 | DK86: 0 | DL86: 0 | DM86: 0 | DN86: 0 | DO86: 0 | DP86: 0 | DQ86: 0 | DR86: 0 | DS86: 0 | DT86: 0 | DU86: 0 | DV86: 0 | DW86: 0 | DX86: 0 | DY86: 0.875 | DZ86: 0 | EA86: 0 | EB86: 0 | EC86: 0 | ED86: 0 | EE86: 0 | EF86: 0 | EG86: 0 | EH86: -3.625 | EI86: {=VLOOKUP(A86,'Opponent List'!$A1:$P137,16,FALSE)} -> 3.7686034 | EJ86: 0.14360151
A87: Oregon St | B87: -1.125 | C87: 0 | D87: 0 | E87: 0 | F87: 0 | G87: 0 | H87: 0 | I87: 0 | J87: 0 | K87: 0 | L87: 0 | M87: 0 | N87: 0 | O87: 0 | P87: 0 | Q87: 0 | R87: 0.875 | S87: 0 | T87: 0 | U87: 0 | V87: 0 | W87: 0 | X87: 0 | Y87: 0 | Z87: 0 | AA87: 0 | AB87: 0 | AC87: 0 | AD87: 0 | AE87: 0 | AF87: 0 | AG87: 0 | AH87: 0 | AI87: 0 | AJ87: 0 | AK87: 0 | AL87: 0 | AM87: 0 | AN87: -1.125 | AO87: 0 | AP87: 0 | AQ87: 0 | AR87: 0 | AS87: 0 | AT87: 0 | AU87: 0 | AV87: 0 | AW87: 0 | AX87: 0 | AY87: 0 | AZ87: -1.125 | BA87: 0 | BB87: -0.875 | BC87: 0 | BD87: 0 | BE87: 0 | BF87: 0 | BG87: 0 | BH87: 0 | BI87: 0 | BJ87: 0 | BK87: 0 | BL87: 0 | BM87: 0 | BN87: 0 | BO87: 0 | BP87: 0 | BQ87: 0 | BR87: 0 | BS87: 0 | BT87: -0.875 | BU87: 0 | BV87: 0 | BW87: 0 | BX87: 0 | BY87: 0 | BZ87: 0 | CA87: 0 | CB87: 0 | CC87: 0 | CD87: 0 | CE87: 0 | CF87: 0 | CG87: 0 | CH87: 0 | CI87: 0 | CJ87: 0 | CK87: 0 | CL87: 0 | CM87: 0.875 | CN87: 0 | CO87: 0 | CP87: 0 | CQ87: 0 | CR87: 0 | CS87: 0 | CT87: 0 | CU87: 0 | CV87: 0 | CW87: 0 | CX87: 0 | CY87: 0 | CZ87: 0 | DA87: 0 | DB87: 0 | DC87: 0 | DD87: 0 | DE87: 0 | DF87: 0 | DG87: 0 | DH87: 0 | DI87: 0 | DJ87: 0 | DK87: 0 | DL87: 0 | DM87: 0 | DN87: 0 | DO87: 0 | DP87: 0 | DQ87: 0 | DR87: 0 | DS87: 0 | DT87: 0 | DU87: 0 | DV87: 0 | DW87: 0 | DX87: 0 | DY87: 0 | DZ87: 0 | EA87: 0 | EB87: 0 | EC87: 0 | ED87: 0 | EE87: 0 | EF87: 0 | EG87: 0 | EH87: -3.375 | EI87: {=VLOOKUP(A87,'Opponent List'!$A1:$P137,16,FALSE)} -> 0.04400471 | EJ87: -3.3309972
A88: Oregon | B88: 0 | C88: 0 | D88: 0.875 | E88: 0 | F88: 0 | G88: 0 | H88: 0 | I88: 0 | J88: 0 | K88: 0 | L88: 0 | M88: 0 | N88: 0 | O88: 0 | P88: 0 | Q88: 0 | R88: 0 | S88: 0 | T88: 0 | U88: 0 | V88: 0 | W88: 0 | X88: 0 | Y88: 0 | Z88: 0 | AA88: 0 | AB88: 0 | AC88: 0 | AD88: 0 | AE88: 0 | AF88: 0 | AG88: 0 | AH88: 0 | AI88: 0 | AJ88: 0 | AK88: 0 | AL88: 0 | AM88: 0 | AN88: 0 | AO88: 0 | AP88: 0 | AQ88: 0 | AR88: 0 | AS88: 0 | AT88: 0 | AU88: 0 | AV88: 0 | AW88: 0 | AX88: 0 | AY88: 0 | AZ88: 0 | BA88: 0 | BB88: 0 | BC88: 0 | BD88: 0 | BE88: 0 | BF88: 0 | BG88: 0 | BH88: 0 | BI88: 0 | BJ88: 0 | BK88: 0 | BL88: 0 | BM88: 0 | BN88: 0 | BO88: 0 | BP88: -0.875 | BQ88: 0 | BR88: 0 | BS88: 0.875 | BT88: 0 | BU88: 0 | BV88: 1.125 | BW88: 0.875 | BX88: 0 | BY88: 0 | BZ88: 0 | CA88: 0 | CB88: 0 | CC88: 0 | CD88: 0 | CE88: 0 | CF88: 0 | CG88: 0.875 | CH88: 0 | CI88: 0 | CJ88: 0 | CK88: 0 | CL88: 0 | CM88: 0.875 | CN88: 0 | CO88: 0 | CP88: 0 | CQ88: 0 | CR88: 0 | CS88: 0 | CT88: 0 | CU88: 0 | CV88: 0 | CW88: 0 | CX88: 0 | CY88: 0 | CZ88: 0 | DA88: 0 | DB88: 0 | DC88: 0 | DD88: 0 | DE88: 0 | DF88: 0 | DG88: 0 | DH88: 0 | DI88: 0 | DJ88: 0 | DK88: 0 | DL88: 0 | DM88: 0 | DN88: 0 | DO88: 0 | DP88: 0 | DQ88: 0 | DR88: 0 | DS88: 0 | DT88: 0 | DU88: 0 | DV88: 0 | DW88: 0 | DX88: 0 | DY88: 0 | DZ88: 0 | EA88: 0 | EB88: 0 | EC88: 0 | ED88: 0 | EE88: 0 | EF88: 0 | EG88: 0 | EH88: 4.625 | EI88: {=VLOOKUP(A88,'Opponent List'!$A1:$P137,16,FALSE)} -> 2.1947815 | EJ88: 6.8199132
A89: Penn St | B89: 0 | C89: 0 | D89: 0 | E89: 0 | F89: 0 | G89: 0 | H89: 0 | I89: 0 | J89: 0 | K89: 0 | L89: 0 | M89: 0 | N89: 0 | O89: 0 | P89: 0 | Q89: 0 | R89: 0 | S89: 0 | T89: 0 | U89: 0 | V89: 0 | W89: 0 | X89: 0 | Y89: 0 | Z89: 0 | AA89: 0 | AB89: 0 | AC89: 0 | AD89: 0 | AE89: 0 | AF89: 0 | AG89: 0 | AH89: -0.875 | AI89: 0 | AJ89: 0 | AK89: 0 | AL89: 0 | AM89: 0 | AN89: 0 | AO89: 0 | AP89: 0 | AQ89: 0 | AR89: 0 | AS89: 0 | AT89: 0 | AU89: 0 | AV89: 0 | AW89: 0 | AX89: 0 | AY89: 0 | AZ89: 0 | BA89: 0 | BB89: 0 | BC89: 0 | BD89: 0 | BE89: 0 | BF89: 0 | BG89: 0 | BH89: 0 | BI89: 0 | BJ89: 0 | BK89: 0 | BL89: 0 | BM89: 0 | BN89: 0 | BO89: 0 | BP89: 0 | BQ89: 0 | BR89: 0 | BS89: 0 | BT89: 0 | BU89: 0 | BV89: 0 | BW89: 0 | BX89: 1.125 | BY89: 0.875 | BZ89: 0 | CA89: 0 | CB89: 0.875 | CC89: 0 | CD89: 0 | CE89: 0 | CF89: 0 | CG89: 0 | CH89: 0 | CI89: 0 | CJ89: 0 | CK89: 0 | CL89: 0 | CM89: 0.875 | CN89: 0 | CO89: 0 | CP89: 0 | CQ89: 0 | CR89: 0 | CS89: 0 | CT89: 0 | CU89: 0 | CV89: 0 | CW89: 0 | CX89: 0 | CY89: 0 | CZ89: 0 | DA89: 0 | DB89: 0 | DC89: 0 | DD89: 0 | DE89: 0 | DF89: 0 | DG89: 0 | DH89: 0 | DI89: 0 | DJ89: 0.875 | DK89: 0 | DL89: 0 | DM89: 0 | DN89: 0 | DO89: 0 | DP89: 0 | DQ89: 0 | DR89: 0 | DS89: 0 | DT89: 0 | DU89: 0.875 | DV89: 0 | DW89: 0 | DX89: 0 | DY89: 0 | DZ89: 0 | EA89: 0 | EB89: 0 | EC89: 0 | ED89: 0 | EE89: 0 | EF89: 0 | EG89: 0 | EH89: 4.625 | EI89: {=VLOOKUP(A89,'Opponent List'!$A1:$P137,16,FALSE)} -> -1.5230724 | EJ89: 3.1020273
A90: Pittsburgh | B90: 0 | C90: 0 | D90: 0 | E90: 0 | F90: 0 | G90: 0.875 | H90: 0 | I90: 1.125 | J90: 0 | K90: 0 | L90: 0 | M90: 0 | N90: 0 | O90: 0 | P90: 0 | Q90: 0 | R90: 0 | S90: 0 | T90: 0 | U90: 0.875 | V90: 0 | W90: 0 | X90: 0 | Y90: 0 | Z90: 0 | AA90: 0 | AB90: 0 | AC90: 0 | AD90: 0 | AE90: 0 | AF90: 0 | AG90: 0 | AH90: 0 | AI90: 0 | AJ90: 0 | AK90: 0 | AL90: 0 | AM90: 0 | AN90: 0 | AO90: 0 | AP90: 0 | AQ90: 0 | AR90: 0 | AS90: 0 | AT90: 0 | AU90: 0 | AV90: 0 | AW90: 0 | AX90: 0 | AY90: 1.125 | AZ90: 0 | BA90: 0 | BB90: 0 | BC90: 0 | BD90: 0.875 | BE90: 0 | BF90: 0 | BG90: 0 | BH90: 0 | BI90: 0 | BJ90: 0 | BK90: 0 | BL90: 0 | BM90: 0 | BN90: 0 | BO90: 0 | BP90: 0 | BQ90: 0 | BR90: 0 | BS90: 0 | BT90: 0 | BU90: 0 | BV90: 0 | BW90: 0 | BX90: 0 | BY90: 0 | BZ90: 0 | CA90: 0 | CB90: 0 | CC90: 0 | CD90: 0 | CE90: 0 | CF90: 0 | CG90: 0 | CH90: 0 | CI90: 0 | CJ90: 0 | CK90: 0 | CL90: 0 | CM90: 0 | CN90: 0 | CO90: 0 | CP90: 0 | CQ90: 0 | CR90: 0 | CS90: 0 | CT90: 0 | CU90: 0 | CV90: 0 | CW90: 0 | CX90: 0 | CY90: -0.875 | CZ90: 0 | DA90: 0 | DB90: 0 | DC90: 0 | DD90: 0 | DE90: 0 | DF90: 0 | DG90: 0 | DH90: 0 | DI90: 0 | DJ90: 0 | DK90: 0 | DL90: 0 | DM90: 0 | DN90: 0 | DO90: 1.125 | DP90: 0 | DQ90: 0 | DR90: 0 | DS90: 0 | DT90: 0 | DU90: 0 | DV90: 0 | DW90: 0 | DX90: 0 | DY90: 0 | DZ90: 0 | EA90: 0 | EB90: 0 | EC90: 0 | ED90: 0 | EE90: 0 | EF90: 0 | EG90: 0 | EH90: 5.125 | EI90: {=VLOOKUP(A90,'Opponent List'!$A1:$P137,16,FALSE)} -> -2.7477454 | EJ90: 2.3773724
A91: Purdue | B91: 0 | C91: 0 | D91: 0 | E91: 0 | F91: 0 | G91: 0 | H91: 0 | I91: 0 | J91: 0 | K91: 0 | L91: 0 | M91: 0 | N91: 0.875 | O91: 0 | P91: 0 | Q91: 0 | R91: 0 | S91: 0 | T91: 0 | U91: 0 | V91: 0 | W91: 0 | X91: 0 | Y91: 0 | Z91: 0 | AA91: 0 | AB91: 0 | AC91: 0 | AD91: 0 | AE91: 0 | AF91: 0 | AG91: 0 | AH91: 0 | AI91: 0 | AJ91: 0 | AK91: 0 | AL91: 0 | AM91: 0 | AN91: 0 | AO91: 0 | AP91: 0 | AQ91: 0 | AR91: -1.125 | AS91: 0 | AT91: 0 | AU91: 0 | AV91: 0 | AW91: 0 | AX91: 0 | AY91: 0 | AZ91: 0 | BA91: 0 | BB91: 0 | BC91: 0 | BD91: 0 | BE91: 0 | BF91: 0 | BG91: 0 | BH91: 0 | BI91: 0 | BJ91: 0 | BK91: 0 | BL91: 0 | BM91: 1.125 | BN91: 0 | BO91: 0 | BP91: 0 | BQ91: 0 | BR91: 0 | BS91: 0 | BT91: 0 | BU91: 0 | BV91: 0 | BW91: 0 | BX91: 0 | BY91: 0 | BZ91: 0 | CA91: 0 | CB91: 0 | CC91: 0 | CD91: 0 | CE91: 0 | CF91: 0 | CG91: 0 | CH91: 0 | CI91: -0.875 | CJ91: -0.875 | CK91: -0.875 | CL91: 0 | CM91: 0 | CN91: 0 | CO91: 0 | CP91: 0 | CQ91: 0 | CR91: 0 | CS91: 0 | CT91: 0 | CU91: 0 | CV91: 0 | CW91: 0 | CX91: 0 | CY91: 0 | CZ91: 0 | DA91: 0 | DB91: 0 | DC91: -0.875 | DD91: 0 | DE91: 0 | DF91: 0 | DG91: 0 | DH91: 0 | DI91: 0 | DJ91: 0 | DK91: 0 | DL91: 0 | DM91: 0 | DN91: 0 | DO91: 0 | DP91: 0 | DQ91: 0 | DR91: 0 | DS91: 0 | DT91: 0 | DU91: 0 | DV91: 0 | DW91: 0 | DX91: 0 | DY91: 0 | DZ91: 0 | EA91: 0 | EB91: 0 | EC91: 0 | ED91: 0 | EE91: 0 | EF91: 0 | EG91: 0 | EH91: -2.625 | EI91: {=VLOOKUP(A91,'Opponent List'!$A1:$P137,16,FALSE)} -> 0.75598318 | EJ91: -1.8691534
A92: Rice | B92: 0 | C92: 0 | D92: 0 | E92: 0 | F92: 0 | G92: 0 | H92: 0 | I92: 0 | J92: 0 | K92: 0 | L92: 0 | M92: 0 | N92: 0 | O92: 0 | P92: 0 | Q92: 0 | R92: 0 | S92: 0.875 | T92: 0 | U92: 0 | V92: 0 | W92: 0 | X92: 0 | Y92: 0 | Z92: 0 | AA92: 0 | AB92: 0 | AC92: 0 | AD92: 0 | AE92: 0 | AF92: 0 | AG92: 0 | AH92: 0 | AI92: -1.125 | AJ92: -0.875 | AK92: 0 | AL92: 0 | AM92: 0 | AN92: 0 | AO92: 0 | AP92: 0 | AQ92: 0 | AR92: 0 | AS92: 0 | AT92: 0 | AU92: 0 | AV92: 0 | AW92: 0 | AX92: 0 | AY92: 0 | AZ92: 0 | BA92: 0 | BB92: 0 | BC92: 0 | BD92: 0 | BE92: 0 | BF92: 0 | BG92: 0 | BH92: 0 | BI92: 0 | BJ92: 0 | BK92: 0 | BL92: 0 | BM92: 0 | BN92: 0 | BO92: 0 | BP92: 0 | BQ92: 0 | BR92: 0 | BS92: 0 | BT92: 0 | BU92: 0 | BV92: 0 | BW92: 0 | BX92: 0 | BY92: -0.875 | BZ92: 0 | CA92: 0 | CB92: 0 | CC92: 0 | CD92: 0 | CE92: 0 | CF92: 0 | CG92: 0 | CH92: 0 | CI92: 0 | CJ92: 0 | CK92: 0 | CL92: 0 | CM92: 0 | CN92: 0 | CO92: 0 | CP92: 0 | CQ92: -1.125 | CR92: 0 | CS92: 0 | CT92: 0 | CU92: 0 | CV92: 0 | CW92: 0 | CX92: 0 | CY92: 0 | CZ92: 0 | DA92: 0 | DB92: 0 | DC92: 0 | DD92: 0 | DE92: 0 | DF92: 0 | DG92: 0 | DH92: 0 | DI92: 0 | DJ92: 0 | DK92: 0 | DL92: -0.875 | DM92: 0 | DN92: 0 | DO92: 0 | DP92: 1.125 | DQ92: 0 | DR92: 0 | DS92: 0 | DT92: 0 | DU92: 0 | DV92: 0 | DW92: 0 | DX92: 0 | DY92: 0 | DZ92: 0 | EA92: 0 | EB92: 0 | EC92: 0 | ED92: 0 | EE92: 0 | EF92: 0 | EG92: 0 | EH92: -2.875 | EI92: {=VLOOKUP(A92,'Opponent List'!$A1:$P137,16,FALSE)} -> -3.0381435 | EJ92: -5.913173
A93: Rutgers | B93: 0 | C93: 0 | D93: 0 | E93: 0 | F93: 0 | G93: 0 | H93: 0 | I93: 0 | J93: 0 | K93: 0 | L93: 0 | M93: 0 | N93: 0 | O93: 0 | P93: 0 | Q93: 0 | R93: 0 | S93: 0 | T93: 0 | U93: 0 | V93: -1.125 | W93: 0 | X93: 0 | Y93: 0 | Z93: 0 | AA93: 0 | AB93: 0 | AC93: 0 | AD93: 0 | AE93: 0 | AF93: 0 | AG93: 0 | AH93: 0 | AI93: 0 | AJ93: 0 | AK93: 0 | AL93: 0 | AM93: 0 | AN93: 0 | AO93: 0 | AP93: 0 | AQ93: 0 | AR93: 0 | AS93: 0 | AT93: 0 | AU93: 0 | AV93: 0 | AW93: 0 | AX93: 0 | AY93: 0 | AZ93: 0 | BA93: 0 | BB93: 0 | BC93: 0 | BD93: 0 | BE93: 0 | BF93: 0 | BG93: 0 | BH93: 0 | BI93: 0 | BJ93: 0 | BK93: 0 | BL93: -0.875 | BM93: 0 | BN93: -0.875 | BO93: 0 | BP93: 0 | BQ93: 0 | BR93: 0 | BS93: 0 | BT93: 0 | BU93: 0 | BV93: 0 | BW93: 0 | BX93: 0 | BY93: 0 | BZ93: 0 | CA93: 0 | CB93: 1.125 | CC93: 0 | CD93: 0 | CE93: 0 | CF93: 0 | CG93: 0 | CH93: 0 | CI93: 0 | CJ93: 0 | CK93: 0 | CL93: 0 | CM93: 0 | CN93: 0 | CO93: 0 | CP93: 0 | CQ93: 0 | CR93: 0 | CS93: 0 | CT93: 0 | CU93: 0 | CV93: 0 | CW93: 0 | CX93: 0 | CY93: 0 | CZ93: 0 | DA93: 0 | DB93: 0 | DC93: 0 | DD93: 0 | DE93: 0 | DF93: 0 | DG93: 0 | DH93: 0 | DI93: 0 | DJ93: 0 | DK93: 0 | DL93: 0 | DM93: 0 | DN93: 0 | DO93: 0 | DP93: 0 | DQ93: 0 | DR93: 0 | DS93: 0 | DT93: 0 | DU93: 0 | DV93: 0 | DW93: -1.125 | DX93: 0 | DY93: 0 | DZ93: 0 | EA93: 0 | EB93: 0 | EC93: 0 | ED93: 0 | EE93: 0 | EF93: 0 | EG93: 1.75 | EH93: -1.125 | EI93: {=VLOOKUP(A93,'Opponent List'!$A1:$P137,16,FALSE)} -> -0.34093893 | EJ93: -1.4658734
A94: S Alabama | B94: 0 | C94: 0 | D94: 0 | E94: 0 | F94: 0 | G94: 0 | H94: 0 | I94: 0 | J94: 0 | K94: -0.875 | L94: 0 | M94: 0 | N94: 0 | O94: 0 | P94: -0.875 | Q94: 0 | R94: 0 | S94: 0 | T94: 0 | U94: 0 | V94: 0 | W94: 0 | X94: 0 | Y94: 0 | Z94: 0 | AA94: 0 | AB94: 0 | AC94: 0 | AD94: 0 | AE94: 0 | AF94: 0 | AG94: 0 | AH94: 0 | AI94: 0 | AJ94: 0 | AK94: 0.25 | AL94: 0 | AM94: 0 | AN94: 0 | AO94: 0 | AP94: -1.125 | AQ94: 0 | AR94: 0 | AS94: 0 | AT94: 0 | AU94: 0 | AV94: 0 | AW94: 0 | AX94: 0 | AY94: 0 | AZ94: 0 | BA94: 0 | BB94: 0 | BC94: 0 | BD94: 0 | BE94: 0 | BF94: 0 | BG94: 0 | BH94: 0 | BI94: 0.875 | BJ94: 0 | BK94: 0 | BL94: 0 | BM94: 0 | BN94: 0 | BO94: 0 | BP94: 0 | BQ94: 0 | BR94: 0 | BS94: 0 | BT94: 0 | BU94: 0 | BV94: 0 | BW94: 0 | BX94: 0 | BY94: 0 | BZ94: 0 | CA94: 0 | CB94: 0 | CC94: 0 | CD94: -1.125 | CE94: 0 | CF94: 0 | CG94: 0 | CH94: 0 | CI94: 0 | CJ94: 0 | CK94: 0 | CL94: 0 | CM94: 0 | CN94: 0 | CO94: 0 | CP94: 0 | CQ94: 0 | CR94: 0 | CS94: 0 | CT94: 0 | CU94: 0 | CV94: 0 | CW94: 0 | CX94: 0 | CY94: 0 | CZ94: 0 | DA94: 0 | DB94: 0 | DC94: 0 | DD94: 0 | DE94: 0 | DF94: 0 | DG94: 0 | DH94: 0 | DI94: 0 | DJ94: 0 | DK94: 0 | DL94: 0 | DM94: 0 | DN94: 0 | DO94: 0 | DP94: 0 | DQ94: 0 | DR94: 0 | DS94: 0 | DT94: 0 | DU94: 0 | DV94: 0 | DW94: 0 | DX94: 0 | DY94: 0 | DZ94: 0 | EA94: 0 | EB94: 0 | EC94: 0 | ED94: 0 | EE94: 0 | EF94: 0 | EG94: 0 | EH94: -2.875 | EI94: {=VLOOKUP(A94,'Opponent List'!$A1:$P137,16,FALSE)} -> -0.042572065 | EJ94: -2.9176237
A95: S Florida | B95: 0 | C95: 0 | D95: 0 | E95: 0 | F95: 0 | G95: 0 | H95: 0 | I95: 0 | J95: 0 | K95: 0 | L95: 0 | M95: 0 | N95: 0 | O95: 0 | P95: 0 | Q95: 0 | R95: 0 | S95: 1.125 | T95: 0 | U95: 0 | V95: 0 | W95: 0 | X95: 0.875 | Y95: 0 | Z95: 0 | AA95: 0 | AB95: 0 | AC95: 0 | AD95: 0 | AE95: 0 | AF95: 0 | AG95: 0 | AH95: 0 | AI95: 0 | AJ95: 0 | AK95: 0 | AL95: 0 | AM95: -1.125 | AN95: 1.125 | AO95: 0 | AP95: 0 | AQ95: 0 | AR95: 0 | AS95: 0 | AT95: 0 | AU95: 0 | AV95: 0 | AW95: 0 | AX95: 0 | AY95: 0 | AZ95: 0 | BA95: 0 | BB95: 0 | BC95: 0 | BD95: 0 | BE95: 0 | BF95: 0 | BG95: 0 | BH95: 0 | BI95: 0 | BJ95: 0 | BK95: 0 | BL95: 0 | BM95: 0 | BN95: 0 | BO95: 0 | BP95: 0 | BQ95: 0.875 | BR95: 0 | BS95: 0 | BT95: 0 | BU95: 0 | BV95: 0 | BW95: 0 | BX95: 0 | BY95: 0 | BZ95: 0 | CA95: 0 | CB95: 0 | CC95: 0 | CD95: 0 | CE95: 0 | CF95: 0 | CG95: 0 | CH95: 0 | CI95: 0 | CJ95: 0 | CK95: 0 | CL95: 0 | CM95: 0 | CN95: 1.125 | CO95: 0 | CP95: 0 | CQ95: 0 | CR95: 0 | CS95: 0 | CT95: 0 | CU95: 0 | CV95: 0 | CW95: 0 | CX95: 0 | CY95: 0 | CZ95: 0 | DA95: 0 | DB95: 0 | DC95: 0 | DD95: 0 | DE95: 0 | DF95: 0 | DG95: 0 | DH95: 0 | DI95: 0 | DJ95: 0 | DK95: 0 | DL95: -1.125 | DM95: 0 | DN95: 0 | DO95: 0 | DP95: 0 | DQ95: 0 | DR95: 0 | DS95: 0 | DT95: 0 | DU95: 0 | DV95: 0 | DW95: 0 | DX95: 0 | DY95: 0 | DZ95: 0 | EA95: 0 | EB95: 0 | EC95: 0 | ED95: 0 | EE95: 0 | EF95: 0 | EG95: 0 | EH95: 2.875 | EI95: {=VLOOKUP(A95,'Opponent List'!$A1:$P137,16,FALSE)} -> -2.2887673 | EJ95: 0.58617659
A96: SMU | B96: 0 | C96: 0 | D96: 0 | E96: 0 | F96: 0 | G96: 0 | H96: 0 | I96: 0 | J96: 0 | K96: 0 | L96: 0 | M96: 0 | N96: 0 | O96: 0 | P96: 0 | Q96: 0 | R96: 0 | S96: 0 | T96: 0 | U96: 0 | V96: 0 | W96: 0 | X96: 0 | Y96: 0 | Z96: 0 | AA96: 0 | AB96: 0 | AC96: 0 | AD96: 0 | AE96: 0 | AF96: 0 | AG96: 0 | AH96: 0 | AI96: 0 | AJ96: 0 | AK96: 0 | AL96: 0 | AM96: 0 | AN96: 0 | AO96: 0 | AP96: 0 | AQ96: 0 | AR96: 0 | AS96: 0 | AT96: 0 | AU96: 0 | AV96: 0 | AW96: 0 | AX96: 0 | AY96: 0 | AZ96: 0 | BA96: 0.875 | BB96: 0 | BC96: 0 | BD96: 0 | BE96: 0 | BF96: 0 | BG96: 0 | BH96: 0 | BI96: 0 | BJ96: 0 | BK96: 0 | BL96: 0 | BM96: 0 | BN96: 0 | BO96: 0 | BP96: 0 | BQ96: 0 | BR96: 0 | BS96: 0 | BT96: 0 | BU96: 0 | BV96: 0 | BW96: 0 | BX96: 0 | BY96: 0 | BZ96: 0 | CA96: 1.125 | CB96: 0 | CC96: 0 | CD96: 0 | CE96: 0 | CF96: 0 | CG96: 0 | CH96: 0 | CI96: 0 | CJ96: 0 | CK96: 0 | CL96: 0 | CM96: 0 | CN96: 0 | CO96: 0 | CP96: 0 | CQ96: 0 | CR96: 0 | CS96: 0 | CT96: 0.875 | CU96: 0 | CV96: 0 | CW96: 0 | CX96: 0 | CY96: 0 | CZ96: 0 | DA96: 0 | DB96: 0 | DC96: 0 | DD96: 0 | DE96: -1.125 | DF96: 0 | DG96: 0 | DH96: 0 | DI96: 0 | DJ96: 0 | DK96: 0 | DL96: 1.125 | DM96: 0 | DN96: 0.875 | DO96: 0 | DP96: 0 | DQ96: 0 | DR96: 0 | DS96: 0 | DT96: 0 | DU96: 0 | DV96: 0 | DW96: 0 | DX96: 0 | DY96: 0 | DZ96: 0 | EA96: 0 | EB96: 0.875 | EC96: 0 | ED96: 0 | EE96: 0 | EF96: 0 | EG96: 0 | EH96: 4.625 | EI96: {=VLOOKUP(A96,'Opponent List'!$A1:$P137,16,FALSE)} -> 1.4068913 | EJ96: 6.0318777
A97: Sam Houston | B97: 0 | C97: 0 | D97: 0 | E97: 0 | F97: 0 | G97: 0 | H97: 0 | I97: -1.125 | J97: 0 | K97: -1.125 | L97: 0 | M97: 0 | N97: 0 | O97: 0 | P97: 0 | Q97: 0 | R97: 0 | S97: 0 | T97: 0 | U97: 0 | V97: 0 | W97: 0 | X97: 0 | Y97: 0 | Z97: 0 | AA97: 0 | AB97: 0 | AC97: 0 | AD97: 0 | AE97: -0.875 | AF97: 0 | AG97: 0 | AH97: 0 | AI97: 0 | AJ97: 0 | AK97: 0 | AL97: 0 | AM97: 0 | AN97: 0 | AO97: 0 | AP97: 0 | AQ97: 0 | AR97: 0 | AS97: 0 | AT97: 0 | AU97: 0 | AV97: 0 | AW97: 0 | AX97: 0 | AY97: 0 | AZ97: 0 | BA97: 0 | BB97: 0 | BC97: 0 | BD97: 0 | BE97: 0 | BF97: 0 | BG97: 0 | BH97: 0 | BI97: 0 | BJ97: 0 | BK97: -0.875 | BL97: 0 | BM97: 0 | BN97: 0 | BO97: 0 | BP97: 0 | BQ97: 0 | BR97: 0 | BS97: 0 | BT97: -1.125 | BU97: 0 | BV97: 0 | BW97: 0 | BX97: 0 | BY97: 0 | BZ97: 0 | CA97: 0 | CB97: 0 | CC97: 0 | CD97: 0 | CE97: 0 | CF97: 0 | CG97: 0 | CH97: 0 | CI97: 0 | CJ97: 0 | CK97: 0 | CL97: 0 | CM97: 0 | CN97: 0 | CO97: 0 | CP97: 0 | CQ97: 0 | CR97: 0 | CS97: 0 | CT97: 0 | CU97: 0 | CV97: 0 | CW97: 0 | CX97: 0 | CY97: 0 | CZ97: 0 | DA97: 0 | DB97: 0 | DC97: 0 | DD97: 0 | DE97: 0 | DF97: 0 | DG97: 0 | DH97: 0 | DI97: 0 | DJ97: 0 | DK97: 0 | DL97: 0 | DM97: 0 | DN97: 0 | DO97: 0 | DP97: 0 | DQ97: 0 | DR97: -0.875 | DS97: 0 | DT97: 0 | DU97: 0 | DV97: 0 | DW97: 0 | DX97: 0 | DY97: 0 | DZ97: 0 | EA97: 0 | EB97: 0 | EC97: 0 | ED97: -1.125 | EE97: 0 | EF97: 0 | EG97: 0 | EH97: -7.125 | EI97: {=VLOOKUP(A97,'Opponent List'!$A1:$P137,16,FALSE)} -> 1.4344948 | EJ97: -5.6906943
A98: San Diego St | B98: 0 | C98: 0 | D98: 0 | E98: 0 | F98: 0 | G98: 0 | H98: 0 | I98: 0 | J98: 0 | K98: 0 | L98: 0 | M98: 0 | N98: 0 | O98: 0 | P98: 0 | Q98: 0 | R98: 0 | S98: 0 | T98: 0 | U98: 0 | V98: 0 | W98: 0 | X98: 0 | Y98: 0 | Z98: 0 | AA98: 0 | AB98: 0 | AC98: 0 | AD98: 0 | AE98: 0 | AF98: 0 | AG98: 0 | AH98: 0 | AI98: 0 | AJ98: 0 | AK98: 0 | AL98: 0 | AM98: 0 | AN98: 0 | AO98: 0 | AP98: 0 | AQ98: 0 | AR98: 0 | AS98: 0 | AT98: 0 | AU98: 0 | AV98: 0 | AW98: 0 | AX98: 0 | AY98: 0 | AZ98: 0 | BA98: 0 | BB98: 0 | BC98: 0 | BD98: 0 | BE98: 0 | BF98: 0.875 | BG98: 0 | BH98: 0 | BI98: 0 | BJ98: 0 | BK98: 0 | BL98: 0 | BM98: 0 | BN98: 0 | BO98: 0 | BP98: 0 | BQ98: 0 | BR98: 0 | BS98: 0 | BT98: 0 | BU98: 0 | BV98: 0 | BW98: 0 | BX98: 0 | BY98: 0.875 | BZ98: 0 | CA98: 0 | CB98: 0 | CC98: 0 | CD98: 0 | CE98: 0 | CF98: 0 | CG98: 0 | CH98: 0 | CI98: 0 | CJ98: 0 | CK98: 0 | CL98: 0 | CM98: 0 | CN98: 0 | CO98: 0 | CP98: 0 | CQ98: 0 | CR98: -0.875 | CS98: 0 | CT98: 0 | CU98: 0 | CV98: 0 | CW98: 0 | CX98: 0 | CY98: 0 | CZ98: 0 | DA98: 0 | DB98: 0 | DC98: 0 | DD98: 0 | DE98: 0 | DF98: -1.125 | DG98: 0 | DH98: 0 | DI98: 0 | DJ98: 0 | DK98: 0 | DL98: 0 | DM98: 0 | DN98: 0 | DO98: 0 | DP98: 0 | DQ98: 0 | DR98: 0 | DS98: 1.125 | DT98: 0 | DU98: 0 | DV98: 0 | DW98: 0 | DX98: 0 | DY98: 0.875 | DZ98: 0 | EA98: 0 | EB98: 0 | EC98: 0 | ED98: -1.125 | EE98: 0 | EF98: 0 | EG98: 0 | EH98: 0.625 | EI98: {=VLOOKUP(A98,'Opponent List'!$A1:$P137,16,FALSE)} -> 1.5559884 | EJ98: 2.1807799
A99: San Jose St | B99: 0 | C99: 0 | D99: 0 | E99: 0 | F99: 0 | G99: 0 | H99: 0 | I99: 0 | J99: 0 | K99: 0 | L99: 0 | M99: 0 | N99: 0 | O99: 0 | P99: 0 | Q99: 0 | R99: 0 | S99: 0 | T99: 0 | U99: 0 | V99: 0 | W99: 0 | X99: 0 | Y99: 0 | Z99: 0 | AA99: 0 | AB99: 0 | AC99: 0 | AD99: 0 | AE99: 0 | AF99: 0 | AG99: 0 | AH99: -1.125 | AI99: 0 | AJ99: 0 | AK99: 0 | AL99: 0 | AM99: 0 | AN99: 0 | AO99: 0 | AP99: 0 | AQ99: 0 | AR99: 0 | AS99: 0 | AT99: 0 | AU99: 0 | AV99: 0 | AW99: 0 | AX99: 0 | AY99: 0 | AZ99: 0 | BA99: 0 | BB99: 0 | BC99: 0 | BD99: 0 | BE99: -0.875 | BF99: 0 | BG99: 0 | BH99: 0 | BI99: 0 | BJ99: 0 | BK99: 0 | BL99: 0 | BM99: 0 | BN99: 0 | BO99: 0 | BP99: 0 | BQ99: 0 | BR99: -1.125 | BS99: 0 | BT99: 0 | BU99: 0 | BV99: 0 | BW99: 0 | BX99: 0 | BY99: 0 | BZ99: 0 | CA99: 0 | CB99: 0 | CC99: 0 | CD99: 0 | CE99: -1.125 | CF99: 0 | CG99: 0 | CH99: 0 | CI99: 0 | CJ99: 0 | CK99: 0 | CL99: 0 | CM99: 0 | CN99: 0 | CO99: 0 | CP99: 0 | CQ99: 0 | CR99: 0 | CS99: 0 | CT99: 0 | CU99: 0 | CV99: 0 | CW99: 0 | CX99: 0 | CY99: 0 | CZ99: 0 | DA99: 0 | DB99: 0 | DC99: 0 | DD99: 0 | DE99: -1.125 | DF99: 0 | DG99: 0 | DH99: 0 | DI99: 0 | DJ99: 0 | DK99: 0 | DL99: 0 | DM99: 0 | DN99: 0 | DO99: 0 | DP99: 0 | DQ99: 0 | DR99: 0 | DS99: 0.875 | DT99: 0 | DU99: 0 | DV99: 0 | DW99: 0 | DX99: 0 | DY99: 0 | DZ99: 0 | EA99: 0 | EB99: 0 | EC99: 0 | ED99: -0.875 | EE99: 0 | EF99: 0 | EG99: 0 | EH99: -5.375 | EI99: {=VLOOKUP(A99,'Opponent List'!$A1:$P137,16,FALSE)} -> 2.8034937 | EJ99: -2.5717038
A100: South Carolina | B100: 0 | C100: 0 | D100: 0 | E100: 0 | F100: 0 | G100: 0 | H100: 0 | I100: 0 | J100: 0 | K100: 0 | L100: 0 | M100: 0 | N100: 0 | O100: 0 | P100: 0 | Q100: 0 | R100: 0 | S100: 0 | T100: 0 | U100: 0 | V100: 0 | W100: 0 | X100: 0 | Y100: 0 | Z100: 0 | AA100: 0 | AB100: 0 | AC100: 0 | AD100: 0 | AE100: 0 | AF100: 0 | AG100: 0.875 | AH100: 0 | AI100: 0 | AJ100: 0 | AK100: 0 | AL100: 0 | AM100: 0 | AN100: 0 | AO100: 0 | AP100: 0 | AQ100: 0 | AR100: 0 | AS100: 0.875 | AT100: 0 | AU100: 0 | AV100: 0 | AW100: 0 | AX100: 0 | AY100: 0 | AZ100: 0 | BA100: 0 | BB100: 0 | BC100: 0 | BD100: 0 | BE100: 0 | BF100: 0 | BG100: 0 | BH100: 0 | BI100: 0 | BJ100: 0 | BK100: 0 | BL100: 0 | BM100: 0 | BN100: 0 | BO100: 0 | BP100: 0 | BQ100: 0 | BR100: 0 | BS100: 0 | BT100: 0 | BU100: 0 | BV100: 0 | BW100: 0 | BX100: 0 | BY100: 0 | BZ100: 0 | CA100: 1.125 | CB100: 0 | CC100: 0 | CD100: 0 | CE100: 0 | CF100: 0 | CG100: 0 | CH100: 0 | CI100: 0 | CJ100: 0 | CK100: 0 | CL100: 0 | CM100: 0 | CN100: 0 | CO100: 0 | CP100: 0 | CQ100: 0 | CR100: 0 | CS100: 0 | CT100: 0 | CU100: 0 | CV100: 0 | CW100: 0 | CX100: 0 | CY100: 0 | CZ100: 0 | DA100: 0 | DB100: 0 | DC100: 0 | DD100: 0 | DE100: 0 | DF100: 0 | DG100: 0 | DH100: 0 | DI100: 0 | DJ100: 0 | DK100: 0 | DL100: 0 | DM100: 0 | DN100: 0.875 | DO100: 0 | DP100: 0 | DQ100: 0 | DR100: 0 | DS100: 0 | DT100: 0 | DU100: 0 | DV100: -1.125 | DW100: 0 | DX100: -0.875 | DY100: -0.875 | DZ100: 0 | EA100: 0 | EB100: 0 | EC100: 0 | ED100: 0 | EE100: 0 | EF100: 0 | EG100: 0 | EH100: 0.875 | EI100: {=VLOOKUP(A100,'Opponent List'!$A1:$P137,16,FALSE)} -> 1.8684154 | EJ100: 2.7432077
...

Sheet Opponent List
A1: Team Name | B1: Week Week 1 Opponent | C1: Week Week 1 Opponent Rating | D1: Week Week 2 Opponent | E1: Week Week 2 Opponent Rating | F1: Week Week 3 Opponent | G1: Week Week 3 Opponent Rating | H1: Week Week 4 Opponent | I1: Week Week 4 Opponent Rating | J1: Week Week 5 Opponent | K1: Week Week 5 Opponent Rating | L1: Week Week 6 Opponent | M1: Week Week 6 Opponent Rating | N1: Week Week 7 Opponent | O1: Week Week 7 Opponent Rating | P1: Average Opponent Rating
A2: Air Force | B2: TCU | C2: {=VLOOKUP(B2,'Rating Lookup'!$A2:$B138,2,FALSE)} -> 3.4749183 | D2: Texas St | E2: {=VLOOKUP(D2,'Rating Lookup'!$A2:$B138,2,FALSE)} -> -0.77221082 | F2: Louisiana | G2: {=VLOOKUP(F2,'Rating Lookup'!$A2:$B138,2,FALSE)} -> -1.9127242 | H2: Ball St | I2: {=VLOOKUP(H2,'Rating Lookup'!$A2:$B138,2,FALSE)} -> -7.8554102 | J2: Oregon St | K2: {=VLOOKUP(J2,'Rating Lookup'!$A2:$B138,2,FALSE)} -> -3.3309972 | L2: Notre Dame | M2: {=VLOOKUP(L2,'Rating Lookup'!$A2:$B138,2,FALSE)} -> 7.7537153 | N2: Northwestern | O2: {=VLOOKUP(N2,'Rating Lookup'!$A2:$B138,2,FALSE)} -> -1.1695043 | P2: {=AVERAGE(C2,E2,G2,I2,K2,M2,O2)} -> -0.54460187
A3: Akron | B3: Iowa | C3: {=VLOOKUP(B3,'Rating Lookup'!$A2:$B138,2,FALSE)} -> 2.7790891 | D3: Ohio | E3: {=VLOOKUP(D3,'Rating Lookup'!$A2:$B138,2,FALSE)} -> -1.0422675 | F3: Miami OH | G3: {=VLOOKUP(F3,'Rating Lookup'!$A2:$B138,2,FALSE)} -> -1.2087139 | H3: UTEP | I3: {=VLOOKUP(H3,'Rating Lookup'!$A2:$B138,2,FALSE)} -> -2.1778118 | J3: Washington St | K3: {=VLOOKUP(J3,'Rating Lookup'!$A2:$B138,2,FALSE)} -> -1.8935785 | L3: Texas A&M | M3: {=VLOOKUP(L3,'Rating Lookup'!$A2:$B138,2,FALSE)} -> 4.2657068 | N3: Wyoming | O3: {=VLOOKUP(N3,'Rating Lookup'!$A2:$B138,2,FALSE)} -> -4.7187291 | P3: {=AVERAGE(C3,E3,G3,I3,K3,M3,O3)} -> -0.57090071
A4: Alabama | B4: Old Dominion | C4: {=VLOOKUP(B4,'Rating Lookup'!$A2:$B138,2,FALSE)} -> 0.14360151 | D4: J Madison | E4: {=VLOOKUP(D4,'Rating Lookup'!$A2:$B138,2,FALSE)} -> -3.3005883 | F4: Louisiana Tech | G4: {=VLOOKUP(F4,'Rating Lookup'!$A2:$B138,2,FALSE)} -> -1.3595623 | H4: Louisville | I4: {=VLOOKUP(H4,'Rating Lookup'!$A2:$B138,2,FALSE)} -> 4.3112326 | J4: Oregon | K4: {=VLOOKUP(J4,'Rating Lookup'!$A2:$B138,2,FALSE)} -> 6.8199132 | L4: Ball St | M4: {=VLOOKUP(L4,'Rating Lookup'!$A2:$B138,2,FALSE)} -> -7.8554102 | N4: Utah | O4: {=VLOOKUP(N4,'Rating Lookup'!$A2:$B138,2,FALSE)} -> 5.4656876 | P4: {=AVERAGE(C4,E4,G4,I4,K4,M4,O4)} -> 0.60355346
A5: App State | B5: Louisiana Tech | C5: {=VLOOKUP(B5,'Rating Lookup'!$A2:$B138,2,FALSE)} -> -1.3595623 | D5: New Mexico | E5: {=VLOOKUP(D5,'Rating Lookup'!$A2:$B138,2,FALSE)} -> 1.6767028 | F5: Duke | G5: {=VLOOKUP(F5,'Rating Lookup'!$A2:$B138,2,FALSE)} -> 3.1946532 | H5: Kentucky | I5: {=VLOOKUP(H5,'Rating Lookup'!$A2:$B138,2,FALSE)} -> 1.6046713 | J5: Vanderbilt | K5: {=VLOOKUP(J5,'Rating Lookup'!$A2:$B138,2,FALSE)} -> 3.6994365 | L5: Baylor | M5: {=VLOOKUP(L5,'Rating Lookup'!$A2:$B138,2,FALSE)} -> -2.5388567 | N5: Florida Intl | O5: {=VLOOKUP(N5,'Rating Lookup'!$A2:$B138,2,FALSE)} -> -2.7083101 | P5: {=AVERAGE(C5,E5,G5,I5,K5,M5,O5)} -> 0.50981926
A6: Arizona | B6: Pittsburgh | C6: {=VLOOKUP(B6,'Rating Lookup'!$A2:$B138,2,FALSE)} -> 2.3773724 | D6: Notre Dame | E6: {=VLOOKUP(D6,'Rating Lookup'!$A2:$B138,2,FALSE)} -> 7.7537153 | F6: Hawai'i | G6: {=VLOOKUP(F6,'Rating Lookup'!$A2:$B138,2,FALSE)} -> -2.0501371 | H6: New Mexico St | I6: {=VLOOKUP(H6,'Rating Lookup'!$A2:$B138,2,FALSE)} -> -2.7476286 | J6: Toledo | K6: {=VLOOKUP(J6,'Rating Lookup'!$A2:$B138,2,FALSE)} -> 4.558876 | L6: Georgia Tech | M6: {=VLOOKUP(L6,'Rating Lookup'!$A2:$B138,2,FALSE)} -> 4.0043546 | N6: Vanderbilt | O6: {=VLOOKUP(N6,'Rating Lookup'!$A2:$B138,2,FALSE)} -> 3.6994365 | P6: {=AVERAGE(C6,E6,G6,I6,K6,M6,O6)} -> 2.5137127
A7: Arizona St | B7: Georgia | C7: {=VLOOKUP(B7,'Rating Lookup'!$A2:$B138,2,FALSE)} -> 5.591297 | D7: Syracuse | E7: {=VLOOKUP(D7,'Rating Lookup'!$A2:$B138,2,FALSE)} -> -4.3473552 | F7: Old Dominion | G7: {=VLOOKUP(F7,'Rating Lookup'!$A2:$B138,2,FALSE)} -> 0.14360151 | H7: Stanford | I7: {=VLOOKUP(H7,'Rating Lookup'!$A2:$B138,2,FALSE)} -> -0.42667334 | J7: Baylor | K7: {=VLOOKUP(J7,'Rating Lookup'!$A2:$B138,2,FALSE)} -> -2.5388567 | L7: Tennessee | M7: {=VLOOKUP(L7,'Rating Lookup'!$A2:$B138,2,FALSE)} -> 3.9035829 | N7: Mississippi | O7: {=VLOOKUP(N7,'Rating Lookup'!$A2:$B138,2,FALSE)} -> 5.5136048 | P7: {=AVERAGE(C7,E7,G7,I7,K7,M7,O7)} -> 1.1198859
A8: Arkansas | B8: Sam Houston | C8: {=VLOOKUP(B8,'Rating Lookup'!$A2:$B138,2,FALSE)} -> -5.6906943 | D8: Indiana | E8: {=VLOOKUP(D8,'Rating Lookup'!$A2:$B138,2,FALSE)} -> 0.75991913 | F8: Pittsburgh | G8: {=VLOOKUP(F8,'Rating Lookup'!$A2:$B138,2,FALSE)} -> 2.3773724 | H8: Kennesaw St | I8: {=VLOOKUP(H8,'Rating Lookup'!$A2:$B138,2,FALSE)} -> -4.0232193 | J8: Texas St | K8: {=VLOOKUP(J8,'Rating Lookup'!$A2:$B138,2,FALSE)} -> -0.77221082 | L8: Hawai'i | M8: {=VLOOKUP(L8,'Rating Lookup'!$A2:$B138,2,FALSE)} -> -2.0501371 | N8: Kennesaw St | O8: {=VLOOKUP(N8,'Rating Lookup'!$A2:$B138,2,FALSE)} -> -4.0232193 | P8: {=AVERAGE(C8,E8,G8,I8,K8,M8,O8)} -> -1.9174556
A9: Arkansas St | B9: Duke | C9: {=VLOOKUP(B9,'Rating Lookup'!$A2:$B138,2,FALSE)} -> 3.1946532 | D9: BYU | E9: {=VLOOKUP(D9,'Rating Lookup'!$A2:$B138,2,FALSE)} -> 1.6062412 | F9: Miami | G9: {=VLOOKUP(F9,'Rating Lookup'!$A2:$B138,2,FALSE)} -> 5.0922019 | H9: Notre Dame | I9: {=VLOOKUP(H9,'Rating Lookup'!$A2:$B138,2,FALSE)} -> 7.7537153 | J9: Michigan | K9: {=VLOOKUP(J9,'Rating Lookup'!$A2:$B138,2,FALSE)} -> 3.9426785 | L9: Missouri | M9: {=VLOOKUP(L9,'Rating Lookup'!$A2:$B138,2,FALSE)} -> 4.0142572 | N9: West Virginia | O9: {=VLOOKUP(N9,'Rating Lookup'!$A2:$B138,2,FALSE)} -> 3.3151201 | P9: {=AVERAGE(C9,E9,G9,I9,K9,M9,O9)} -> 4.1312668
A10: Army | B10: Texas A&M | C10: {=VLOOKUP(B10,'Rating Lookup'!$A2:$B138,2,FALSE)} -> 4.2657068 | D10: Maryland | E10: {=VLOOKUP(D10,'Rating Lookup'!$A2:$B138,2,FALSE)} -> 0.52439596 | F10: UMass | G10: {=VLOOKUP(F10,'Rating Lookup'!$A2:$B138,2,FALSE)} -> -9.316543 | H10: Illinois | I10: {=VLOOKUP(H10,'Rating Lookup'!$A2:$B138,2,FALSE)} -> 4.5934518 | J10: Ball St | K10: {=VLOOKUP(J10,'Rating Lookup'!$A2:$B138,2,FALSE)} -> -7.8554102 | L10: TCU | M10: {=VLOOKUP(L10,'Rating Lookup'!$A2:$B138,2,FALSE)} -> 3.4749183 | N10: Bowling Green | O10: {=VLOOKUP(N10,'Rating Lookup'!$A2:$B138,2,FALSE)} -> -6.8572925 | P10: {=AVERAGE(C10,E10,G10,I10,K10,M10,O10)} -> -1.5958247
A11: Auburn | B11: W Kentucky | C11: {=VLOOKUP(B11,'Rating Lookup'!$A2:$B138,2,FALSE)} -> -1.9298534 | D11: Stanford | E11: {=VLOOKUP(D11,'Rating Lookup'!$A2:$B138,2,FALSE)} -> -0.42667334 | F11: S Alabama | G11: {=VLOOKUP(F11,'Rating Lookup'!$A2:$B138,2,FALSE)} -> -2.9176237 | H11: Sam Houston | I11: {=VLOOKUP(H11,'Rating Lookup'!$A2:$B138,2,FALSE)} -> -5.6906943 | J11: Tennessee | K11: {=VLOOKUP(J11,'Rating Lookup'!$A2:$B138,2,FALSE)} -> 3.9035829 | L11: Colorado St | M11: {=VLOOKUP(L11,'Rating Lookup'!$A2:$B138,2,FALSE)} -> -4.1947203 | N11: New Mexico St | O11: {=VLOOKUP(N11,'Rating Lookup'!$A2:$B138,2,FALSE)} -> -2.7476286 | P11: {=AVERAGE(C11,E11,G11,I11,K11,M11,O11)} -> -2.0005158
A12: BYU | B12: Georgia St | C12: {=VLOOKUP(B12,'Rating Lookup'!$A2:$B138,2,FALSE)} -> -5.5585763 | D12: Arkansas St | E12: {=VLOOKUP(D12,'Rating Lookup'!$A2:$B138,2,FALSE)} -> -2.493831 | F12: Kent St | G12: {=VLOOKUP(F12,'Rating Lookup'!$A2:$B138,2,FALSE)} -> -4.8235878 | H12: Florida Intl | I12: {=VLOOKUP(H12,'Rating Lookup'!$A2:$B138,2,FALSE)} -> -2.7083101 | J12: Notre Dame | K12: {=VLOOKUP(J12,'Rating Lookup'!$A2:$B138,2,FALSE)} -> 7.7537153 | L12: Clemson | M12: {=VLOOKUP(L12,'Rating Lookup'!$A2:$B138,2,FALSE)} -> 2.6281733 | N12: W Kentucky | O12: {=VLOOKUP(N12,'Rating Lookup'!$A2:$B138,2,FALSE)} -> -1.9298534 | P12: {=AVERAGE(C12,E12,G12,I12,K12,M12,O12)} -> -1.0188957
A13: Ball St | B13: Indiana | C13: {=VLOOKUP(B13,'Rating Lookup'!$A2:$B138,2,FALSE)} -> 0.75991913 | D13: Tulsa | E13: {=VLOOKUP(D13,'Rating Lookup'!$A2:$B138,2,FALSE)} -> -2.148185 | F13: Bowling Green | G13: {=VLOOKUP(F13,'Rating Lookup'!$A2:$B138,2,FALSE)} -> -6.8572925 | H13: Air Force | I13: {=VLOOKUP(H13,'Rating Lookup'!$A2:$B138,2,FALSE)} -> -1.1696052 | J13: Army | K13: {=VLOOKUP(J13,'Rating Lookup'!$A2:$B138,2,FALSE)} -> -0.47110028 | L13: Alabama | M13: {=VLOOKUP(L13,'Rating Lookup'!$A2:$B138,2,FALSE)} -> 5.2283042 | N13: Southern Miss | O13: {=VLOOKUP(N13,'Rating Lookup'!$A2:$B138,2,FALSE)} -> -3.9569194 | P13: {=AVERAGE(C13,E13,G13,I13,K13,M13,O13)} -> -1.230697
A14: Baylor | B14: Middle Tenn | C14: {=VLOOKUP(B14,'Rating Lookup'!$A2:$B138,2,FALSE)} -> -7.4278032 | D14: Iowa | E14: {=VLOOKUP(D14,'Rating Lookup'!$A2:$B138,2,FALSE)} -> 2.7790891 | F14: Cincinnati | G14: {=VLOOKUP(F14,'Rating Lookup'!$A2:$B138,2,FALSE)} -> 1.4600486 | H14: Wyoming | I14: {=VLOOKUP(H14,'Rating Lookup'!$A2:$B138,2,FALSE)} -> -4.7187291 | J14: Arizona St | K14: {=VLOOKUP(J14,'Rating Lookup'!$A2:$B138,2,FALSE)} -> 2.2448529 | L14: App State | M14: {=VLOOKUP(L14,'Rating Lookup'!$A2:$B138,2,FALSE)} -> -4.1152425 | N14: Purdue | O14: {=VLOOKUP(N14,'Rating Lookup'!$A2:$B138,2,FALSE)} -> -1.8691534 | P14: {=AVERAGE(C14,E14,G14,I14,K14,M14,O14)} -> -1.6638482
A15: Boise St | B15: West Virginia | C15: {=VLOOKUP(B15,'Rating Lookup'!$A2:$B138,2,FALSE)} -> 3.3151201 | D15: Virginia | E15: {=VLOOKUP(D15,'Rating Lookup'!$A2:$B138,2,FALSE)} -> 2.8154897 | F15: North Carolina | G15: {=VLOOKUP(F15,'Rating Lookup'!$A2:$B138,2,FALSE)} -> -0.8363601 | H15: Toledo | I15: {=VLOOKUP(H15,'Rating Lookup'!$A2:$B138,2,FALSE)} -> 4.558876 | J15: Old Dominion | K15: {=VLOOKUP(J15,'Rating Lookup'!$A2:$B138,2,FALSE)} -> 0.14360151 | L15: Oklahoma St | M15: {=VLOOKUP(L15,'Rating Lookup'!$A2:$B138,2,FALSE)} -> -3.4894621 | N15: Texas A&M | O15: {=VLOOKUP(N15,'Rating Lookup'!$A2:$B138,2,FALSE)} -> 4.2657068 | P15: {=AVERAGE(C15,E15,G15,I15,K15,M15,O15)} -> 1.538996
A16: Boston College | B16: S Alabama | C16: {=VLOOKUP(B16,'Rating Lookup'!$A2:$B138,2,FALSE)} -> -2.9176237 | D16: Utah St | E16: {=VLOOKUP(D16,'Rating Lookup'!$A2:$B138,2,FALSE)} -> -5.5325209 | F16: Mississippi St | G16: {=VLOOKUP(F16,'Rating Lookup'!$A2:$B138,2,FALSE)} -> 3.4608221 | H16: Navy | I16: {=VLOOKUP(H16,'Rating Lookup'!$A2:$B138,2,FALSE)} -> 3.2433579 | J16: Florida Atlantic | K16: {=VLOOKUP(J16,'Rating Lookup'!$A2:$B138,2,FALSE)} -> -2.5891425 | L16: Miami OH | M16: {=VLOOKUP(L16,'Rating Lookup'!$A2:$B138,2,FALSE)} -> -1.2087139 | N16: Houston | O16: {=VLOOKUP(N16,'Rating Lookup'!$A2:$B138,2,FALSE)} -> -3.8364334 | P16: {=AVERAGE(C16,E16,G16,I16,K16,M16,O16)} -> -1.3400364
A17: Bowling Green | B17: Delaware | C17: {=VLOOKUP(B17,'Rating Lookup'!$A2:$B138,2,FALSE)} -> -3.7656245 | D17: E Carolina | E17: {=VLOOKUP(D17,'Rating Lookup'!$A2:$B138,2,FALSE)} -> 0.24863859 | F17: Ball St | G17: {=VLOOKUP(F17,'Rating Lookup'!$A2:$B138,2,FALSE)} -> -7.8554102 | H17: Louisiana | I17: {=VLOOKUP(H17,'Rating Lookup'!$A2:$B138,2,FALSE)} -> -1.9127242 | J17: Minnesota | K17: {=VLOOKUP(J17,'Rating Lookup'!$A2:$B138,2,FALSE)} -> -0.88177363 | L17: Indiana | M17: {=VLOOKUP(L17,'Rating Lookup'!$A2:$B138,2,FALSE)} -> 0.75991913 | N17: Army | O17: {=VLOOKUP(N17,'Rating Lookup'!$A2:$B138,2,FALSE)} -> -0.47110028 | P17: {=AVERAGE(C17,E17,G17,I17,K17,M17,O17)} -> -1.9825822
A18: Buffalo | B18: Wisconsin | C18: {=VLOOKUP(B18,'Rating Lookup'!$A2:$B138,2,FALSE)} -> 1.949544 | D18: Oregon St | E18: {=VLOOKUP(D18,'Rating Lookup'!$A2:$B138,2,FALSE)} -> -3.3309972 | F18: Florida Atlantic | G18: {=VLOOKUP(F18,'Rating Lookup'!$A2:$B138,2,FALSE)} -> -2.5891425 | H18: Florida | I18: {=VLOOKUP(H18,'Rating Lookup'!$A2:$B138,2,FALSE)} -> 6.8918867 | J18: Ohio | K18: {=VLOOKUP(J18,'Rating Lookup'!$A2:$B138,2,FALSE)} -> -1.0422675 | L18: UL Monroe | M18: {=VLOOKUP(L18,'Rating Lookup'!$A2:$B138,2,FALSE)} -> -5.0331146 | N18: E Michigan | O18: {=VLOOKUP(N18,'Rating Lookup'!$A2:$B138,2,FALSE)} -> -1.8705117 | P18: {=AVERAGE(C18,E18,G18,I18,K18,M18,O18)} -> -0.7178004
A19: C Michigan | B19: Rice | C19: {=VLOOKUP(B19,'Rating Lookup'!$A2:$B138,2,FALSE)} -> -5.913173 | D19: Northwestern | E19: {=VLOOKUP(D19,'Rating Lookup'!$A2:$B138,2,FALSE)} -> -1.1695043 | F19: Coastal Car | G19: {=VLOOKUP(F19,'Rating Lookup'!$A2:$B138,2,FALSE)} -> -4.4699921 | H19: Georgia So | I19: {=VLOOKUP(H19,'Rating Lookup'!$A2:$B138,2,FALSE)} -> -0.53831982 | J19: S Florida | K19: {=VLOOKUP(J19,'Rating Lookup'!$A2:$B138,2,FALSE)} -> 0.58617659 | L19: Georgia St | M19: {=VLOOKUP(L19,'Rating Lookup'!$A2:$B138,2,FALSE)} -> -5.5585763 | N19: E Carolina | O19: {=VLOOKUP(N19,'Rating Lookup'!$A2:$B138,2,FALSE)} -> 0.24863859 | P19: {=AVERAGE(C19,E19,G19,I19,K19,M19,O19)} -> -2.4021072
A20: California | B20: Jacksonville St | C20: {=VLOOKUP(B20,'Rating Lookup'!$A2:$B138,2,FALSE)} -> -3.2813561 | D20: Oklahoma | E20: {=VLOOKUP(D20,'Rating Lookup'!$A2:$B138,2,FALSE)} -> 5.6719954 | F20: W Michigan | G20: {=VLOOKUP(F20,'Rating Lookup'!$A2:$B138,2,FALSE)} -> 1.3559851 | H20: UConn | I20: {=VLOOKUP(H20,'Rating Lookup'!$A2:$B138,2,FALSE)} -> 0.2952101 | J20: Missouri St | K20: {=VLOOKUP(J20,'Rating Lookup'!$A2:$B138,2,FALSE)} -> -3.1708242 | L20: Wyoming | M20: {=VLOOKUP(L20,'Rating Lookup'!$A2:$B138,2,FALSE)} -> -4.7187291 | N20: Tulsa | O20: {=VLOOKUP(N20,'Rating Lookup'!$A2:$B138,2,FALSE)} -> -2.148185 | P20: {=AVERAGE(C20,E20,G20,I20,K20,M20,O20)} -> -0.85655769
A21: Charlotte | B21: Miami | C21: {=VLOOKUP(B21,'Rating Lookup'!$A2:$B138,2,FALSE)} -> 5.0922019 | D21: Iowa St | E21: {=VLOOKUP(D21,'Rating Lookup'!$A2:$B138,2,FALSE)} -> 4.401892 | F21: Kansas St | G21: {=VLOOKUP(F21,'Rating Lookup'!$A2:$B138,2,FALSE)} -> 0.27567816 | H21: Utah | I21: {=VLOOKUP(H21,'Rating Lookup'!$A2:$B138,2,FALSE)} -> 5.4656876 | J21: Colorado St | K21: {=VLOOKUP(J21,'Rating Lookup'!$A2:$B138,2,FALSE)} -> -4.1947203 | L21: Mississippi St | M21: {=VLOOKUP(L21,'Rating Lookup'!$A2:$B138,2,FALSE)} -> 3.4608221 | N21: Pittsburgh | O21: {=VLOOKUP(N21,'Rating Lookup'!$A2:$B138,2,FALSE)} -> 2.3773724 | P21: {=AVERAGE(C21,E21,G21,I21,K21,M21,O21)} -> 2.4112763
A22: Cincinnati | B22: Rutgers | C22: {=VLOOKUP(B22,'Rating Lookup'!$A2:$B138,2,FALSE)} -> -1.4658734 | D22: Fresno St | E22: {=VLOOKUP(D22,'Rating Lookup'!$A2:$B138,2,FALSE)} -> -3.2421483 | F22: Baylor | G22: {=VLOOKUP(F22,'Rating Lookup'!$A2:$B138,2,FALSE)} -> -2.5388567 | H22: Temple | I22: {=VLOOKUP(H22,'Rating Lookup'!$A2:$B138,2,FALSE)} -> -3.6593539 | J22: Louisiana | K22: {=VLOOKUP(J22,'Rating Lookup'!$A2:$B138,2,FALSE)} -> -1.9127242 | L22: Temple | M22: {=VLOOKUP(L22,'Rating Lookup'!$A2:$B138,2,FALSE)} -> -3.6593539 | N22: Middle Tenn | O22: {=VLOOKUP(N22,'Rating Lookup'!$A2:$B138,2,FALSE)} -> -7.4278032 | P22: {=AVERAGE(C22,E22,G22,I22,K22,M22,O22)} -> -3.4151591
A23: Clemson | B23: Louisville | C23: {=VLOOKUP(B23,'Rating Lookup'!$A2:$B138,2,FALSE)} -> 4.3112326 | D23: Louisville | E23: {=VLOOKUP(D23,'Rating Lookup'!$A2:$B138,2,FALSE)} -> 4.3112326 | F23: Syracuse | G23: {=VLOOKUP(F23,'Rating Lookup'!$A2:$B138,2,FALSE)} -> -4.3473552 | H23: Washington | I23: {=VLOOKUP(H23,'Rating Lookup'!$A2:$B138,2,FALSE)} -> 2.0273309 | J23: Maryland | K23: {=VLOOKUP(J23,'Rating Lookup'!$A2:$B138,2,FALSE)} -> 0.52439596 | L23: BYU | M23: {=VLOOKUP(L23,'Rating Lookup'!$A2:$B138,2,FALSE)} -> 1.6062412 | N23: Georgia | O23: {=VLOOKUP(N23,'Rating Lookup'!$A2:$B138,2,FALSE)} -> 5.591297 | P23: {=AVERAGE(C23,E23,G23,I23,K23,M23,O23)} -> 2.0034822
A24: Coastal Car | B24: Minnesota | C24: {=VLOOKUP(B24,'Rating Lookup'!$A2:$B138,2,FALSE)} -> -0.88177363 | D24: UAB | E24: {=VLOOKUP(D24,'Rating Lookup'!$A2:$B138,2,FALSE)} -> -5.2111721 | F24: C Michigan | G24: {=VLOOKUP(F24,'Rating Lookup'!$A2:$B138,2,FALSE)} -> -3.7770901 | H24: Vanderbilt | I24: {=VLOOKUP(H24,'Rating Lookup'!$A2:$B138,2,FALSE)} -> 3.6994365 | J24: Temple | K24: {=VLOOKUP(J24,'Rating Lookup'!$A2:$B138,2,FALSE)} -> -3.6593539 | L24: S Florida | M24: {=VLOOKUP(L24,'Rating Lookup'!$A2:$B138,2,FALSE)} -> 0.58617659 | N24: Colorado | O24: {=VLOOKUP(N24,'Rating Lookup'!$A2:$B138,2,FALSE)} -> -1.9231974 | P24: {=AVERAGE(C24,E24,G24,I24,K24,M24,O24)} -> -1.595282
A25: Colorado | B25: New Mexico | C25: {=VLOOKUP(B25,'Rating Lookup'!$A2:$B138,2,FALSE)} -> 1.6767028 | D25: N Texas | E25: {=VLOOKUP(D25,'Rating Lookup'!$A2:$B138,2,FALSE)} -> 3.2610572 | F25: Texas A&M | G25: {=VLOOKUP(F25,'Rating Lookup'!$A2:$B138,2,FALSE)} -> 4.2657068 | H25: Maryland | I25: {=VLOOKUP(H25,'Rating Lookup'!$A2:$B138,2,FALSE)} -> 0.52439596 | J25: Georgia Tech | K25: {=VLOOKUP(J25,'Rating Lookup'!$A2:$B138,2,FALSE)} -> 4.0043546 | L25: Michigan St | M25: {=VLOOKUP(L25,'Rating Lookup'!$A2:$B138,2,FALSE)} -> -0.84768132 | N25: Coastal Car | O25: {=VLOOKUP(N25,'Rating Lookup'!$A2:$B138,2,FALSE)} -> -4.4699921 | P25: {=AVERAGE(C25,E25,G25,I25,K25,M25,O25)} -> 1.2020777
A26: Colorado St | B26: Nebraska | C26: {=VLOOKUP(B26,'Rating Lookup'!$A2:$B138,2,FALSE)} -> 1.9227152 | D26: Washington | E26: {=VLOOKUP(D26,'Rating Lookup'!$A2:$B138,2,FALSE)} -> 2.0273309 | F26: Minnesota | G26: {=VLOOKUP(F26,'Rating Lookup'!$A2:$B138,2,FALSE)} -> -0.88177363 | H26: Kansas | I26: {=VLOOKUP(H26,'Rating Lookup'!$A2:$B138,2,FALSE)} -> 4.578754 | J26: Charlotte | K26: {=VLOOKUP(J26,'Rating Lookup'!$A2:$B138,2,FALSE)} -> -4.4638144 | L26: Auburn | M26: {=VLOOKUP(L26,'Rating Lookup'!$A2:$B138,2,FALSE)} -> 2.6245914 | N26: Marshall | O26: {=VLOOKUP(N26,'Rating Lookup'!$A2:$B138,2,FALSE)} -> -1.0455592 | P26: {=AVERAGE(C26,E26,G26,I26,K26,M26,O26)} -> 0.6803206
A27: Delaware | B27: Bowling Green | C27: {=VLOOKUP(B27,'Rating Lookup'!$A2:$B138,2,FALSE)} -> -6.8572925 | D27: Miami | E27: {=VLOOKUP(D27,'Rating Lookup'!$A2:$B138,2,FALSE)} -> 5.0922019 | F27: Texas Tech | G27: {=VLOOKUP(F27,'Rating Lookup'!$A2:$B138,2,FALSE)} -> 5.5998277 | H27: Louisiana Tech | I27: {=VLOOKUP(H27,'Rating Lookup'!$A2:$B138,2,FALSE)} -> -1.3595623 | J27: Duke | K27: {=VLOOKUP(J27,'Rating Lookup'!$A2:$B138,2,FALSE)} -> 3.1946532 | L27: North Carolina | M27: {=VLOOKUP(L27,'Rating Lookup'!$A2:$B138,2,FALSE)} -> -0.8363601 | N27: UMass | O27: {=VLOOKUP(N27,'Rating Lookup'!$A2:$B138,2,FALSE)} -> -9.316543 | P27: {=AVERAGE(C27,E27,G27,I27,K27,M27,O27)} -> -0.64043929
A28: Duke | B28: Arkansas St | C28: {=VLOOKUP(B28,'Rating Lookup'!$A2:$B138,2,FALSE)} -> -2.493831 | D28: Jacksonville St | E28: {=VLOOKUP(D28,'Rating Lookup'!$A2:$B138,2,FALSE)} -> -3.2813561 | F28: App State | G28: {=VLOOKUP(F28,'Rating Lookup'!$A2:$B138,2,FALSE)} -> -4.1152425 | H28: LSU | I28: {=VLOOKUP(H28,'Rating Lookup'!$A2:$B138,2,FALSE)} -> 3.6549276 | J28: Delaware | K28: {=VLOOKUP(J28,'Rating Lookup'!$A2:$B138,2,FALSE)} -> -3.7656245 | L28: Minnesota | M28: {=VLOOKUP(L28,'Rating Lookup'!$A2:$B138,2,FALSE)} -> -0.88177363 | N28: Minnesota | O28: {=VLOOKUP(N28,'Rating Lookup'!$A2:$B138,2,FALSE)} -> -0.88177363 | P28: {=AVERAGE(C28,E28,G28,I28,K28,M28,O28)} -> -1.6806677
A29: E Carolina | B29: Stanford | C29: {=VLOOKUP(B29,'Rating Lookup'!$A2:$B138,2,FALSE)} -> -0.42667334 | D29: Bowling Green | E29: {=VLOOKUP(D29,'Rating Lookup'!$A2:$B138,2,FALSE)} -> -6.8572925 | F29: Tulane | G29: {=VLOOKUP(F29,'Rating Lookup'!$A2:$B138,2,FALSE)} -> 4.5591367 | H29: Ohio St | I29: {=VLOOKUP(H29,'Rating Lookup'!$A2:$B138,2,FALSE)} -> 5.2748384 | J29: Liberty | K29: {=VLOOKUP(J29,'Rating Lookup'!$A2:$B138,2,FALSE)} -> -1.6259891 | L29: Jacksonville St | M29: {=VLOOKUP(L29,'Rating Lookup'!$A2:$B138,2,FALSE)} -> -3.2813561 | N29: C Michigan | O29: {=VLOOKUP(N29,'Rating Lookup'!$A2:$B138,2,FALSE)} -> -3.7770901 | P29: {=AVERAGE(C29,E29,G29,I29,K29,M29,O29)} -> -0.87634657
A30: E Michigan | B30: Ohio | C30: {=VLOOKUP(B30,'Rating Lookup'!$A2:$B138,2,FALSE)} -> -1.0422675 | D30: Louisiana Tech | E30: {=VLOOKUP(D30,'Rating Lookup'!$A2:$B138,2,FALSE)} -> -1.3595623 | F30: Indiana | G30: {=VLOOKUP(F30,'Rating Lookup'!$A2:$B138,2,FALSE)} -> 0.75991913 | H30: Mississippi St | I30: {=VLOOKUP(H30,'Rating Lookup'!$A2:$B138,2,FALSE)} -> 3.4608221 | J30: Florida | K30: {=VLOOKUP(J30,'Rating Lookup'!$A2:$B138,2,FALSE)} -> 6.8918867 | L30: Houston | M30: {=VLOOKUP(L30,'Rating Lookup'!$A2:$B138,2,FALSE)} -> -3.8364334 | N30: Buffalo | O30: {=VLOOKUP(N30,'Rating Lookup'!$A2:$B138,2,FALSE)} -> 2.1571893 | P30: {=AVERAGE(C30,E30,G30,I30,K30,M30,O30)} -> 1.0045077
A31: Florida | B31: Navy | C31: {=VLOOKUP(B31,'Rating Lookup'!$A2:$B138,2,FALSE)} -> 3.2433579 | D31: San Jose St | E31: {=VLOOKUP(D31,'Rating Lookup'!$A2:$B138,2,FALSE)} -> -2.5717038 | F31: Penn St | G31: {=VLOOKUP(F31,'Rating Lookup'!$A2:$B138,2,FALSE)} -> 3.1020273 | H31: Buffalo | I31: {=VLOOKUP(H31,'Rating Lookup'!$A2:$B138,2,FALSE)} -> 2.1571893 | J31: E Michigan | K31: {=VLOOKUP(J31,'Rating Lookup'!$A2:$B138,2,FALSE)} -> -1.8705117 | L31: Nevada | M31: {=VLOOKUP(L31,'Rating Lookup'!$A2:$B138,2,FALSE)} -> -4.0864015 | N31: Old Dominion | O31: {=VLOOKUP(N31,'Rating Lookup'!$A2:$B138,2,FALSE)} -> 0.14360151 | P31: {=AVERAGE(C31,E31,G31,I31,K31,M31,O31)} -> 0.016794143
A32: Florida Atlantic | B32: Southern Miss | C32: {=VLOOKUP(B32,'Rating Lookup'!$A2:$B138,2,FALSE)} -> -3.9569194 | D32: Kansas St | E32: {=VLOOKUP(D32,'Rating Lookup'!$A2:$B138,2,FALSE)} -> 0.27567816 | F32: Buffalo | G32: {=VLOOKUP(F32,'Rating Lookup'!$A2:$B138,2,FALSE)} -> 2.1571893 | H32: Florida St | I32: {=VLOOKUP(H32,'Rating Lookup'!$A2:$B138,2,FALSE)} -> 3.5726018 | J32: Boston College | K32: {=VLOOKUP(J32,'Rating Lookup'!$A2:$B138,2,FALSE)} -> -0.46501956 | L32: Sam Houston | M32: {=VLOOKUP(L32,'Rating Lookup'!$A2:$B138,2,FALSE)} -> -5.6906943 | N32: USC | O32: {=VLOOKUP(N32,'Rating Lookup'!$A2:$B138,2,FALSE)} -> 6.1075652 | P32: {=AVERAGE(C32,E32,G32,I32,K32,M32,O32)} -> 0.2857716
A33: Florida Intl | B33: Missouri | C33: {=VLOOKUP(B33,'Rating Lookup'!$A2:$B138,2,FALSE)} -> 4.0142572 | D33: Texas Tech | E33: {=VLOOKUP(D33,'Rating Lookup'!$A2:$B138,2,FALSE)} -> 5.5998277 | F33: Northwestern | G33: {=VLOOKUP(F33,'Rating Lookup'!$A2:$B138,2,FALSE)} -> -1.1695043 | H33: BYU | I33: {=VLOOKUP(H33,'Rating Lookup'!$A2:$B138,2,FALSE)} -> 1.6062412 | J33: Texas | K33: {=VLOOKUP(J33,'Rating Lookup'!$A2:$B138,2,FALSE)} -> 5.9882203 | L33: Navy | M33: {=VLOOKUP(L33,'Rating Lookup'!$A2:$B138,2,FALSE)} -> 3.2433579 | N33: App State | O33: {=VLOOKUP(N33,'Rating Lookup'!$A2:$B138,2,FALSE)} -> -4.1152425 | P33: {=AVERAGE(C33,E33,G33,I33,K33,M33,O33)} -> 2.1667368
A34: Florida St | B34: Illinois | C34: {=VLOOKUP(B34,'Rating Lookup'!$A2:$B138,2,FALSE)} -> 4.5934518 | D34: Southern Miss | E34: {=VLOOKUP(D34,'Rating Lookup'!$A2:$B138,2,FALSE)} -> -3.9569194 | F34: New Mexico | G34: {=VLOOKUP(F34,'Rating Lookup'!$A2:$B138,2,FALSE)} -> 1.6767028 | H34: Florida Atlantic | I34: {=VLOOKUP(H34,'Rating Lookup'!$A2:$B138,2,FALSE)} -> -2.5891425 | J34: South Carolina | K34: {=VLOOKUP(J34,'Rating Lookup'!$A2:$B138,2,FALSE)} -> 2.7432077 | L34: Louisiana Tech | M34: {=VLOOKUP(L34,'Rating Lookup'!$A2:$B138,2,FALSE)} -> -1.3595623 | N34: Kansas St | O34: {=VLOOKUP(N34,'Rating Lookup'!$A2:$B138,2,FALSE)} -> 0.27567816 | P34: {=AVERAGE(C34,E34,G34,I34,K34,M34,O34)} -> 0.19763089
A35: Fresno St | B35: NC State | C35: {=VLOOKUP(B35,'Rating Lookup'!$A2:$B138,2,FALSE)} -> 0.59579452 | D35: Cincinnati | E35: {=VLOOKUP(D35,'Rating Lookup'!$A2:$B138,2,FALSE)} -> 1.4600486 | F35: UCLA | G35: {=VLOOKUP(F35,'Rating Lookup'!$A2:$B138,2,FALSE)} -> -0.11442308 | H35: Northwestern | I35: {=VLOOKUP(H35,'Rating Lookup'!$A2:$B138,2,FALSE)} -> -1.1695043 | J35: Oklahoma St | K35: {=VLOOKUP(J35,'Rating Lookup'!$A2:$B138,2,FALSE)} -> -3.4894621 | L35: Rice | M35: {=VLOOKUP(L35,'Rating Lookup'!$A2:$B138,2,FALSE)} -> -5.913173 | N35: Louisville | O35: {=VLOOKUP(N35,'Rating Lookup'!$A2:$B138,2,FALSE)} -> 4.3112326 | P35: {=AVERAGE(C35,E35,G35,I35,K35,M35,O35)} -> -0.61706952
A36: Georgia | B36: Arizona St | C36: {=VLOOKUP(B36,'Rating Lookup'!$A2:$B138,2,FALSE)} -> 2.2448529 | D36: W Michigan | E36: {=VLOOKUP(D36,'Rating Lookup'!$A2:$B138,2,FALSE)} -> 1.3559851 | F36: Missouri | G36: {=VLOOKUP(F36,'Rating Lookup'!$A2:$B138,2,FALSE)} -> 4.0142572 | H36: S Florida | I36: {=VLOOKUP(H36,'Rating Lookup'!$A2:$B138,2,FALSE)} -> 0.58617659 | J36: Iowa | K36: {=VLOOKUP(J36,'Rating Lookup'!$A2:$B138,2,FALSE)} -> 2.7790891 | L36: LSU | M36: {=VLOOKUP(L36,'Rating Lookup'!$A2:$B138,2,FALSE)} -> 3.6549276 | N36: Clemson | O36: {=VLOOKUP(N36,'Rating Lookup'!$A2:$B138,2,FALSE)} -> 2.6281733 | P36: {=AVERAGE(C36,E36,G36,I36,K36,M36,O36)} -> 2.4662088
A37: Georgia So | B37: Memphis | C37: {=VLOOKUP(B37,'Rating Lookup'!$A2:$B138,2,FALSE)} -> 1.6196825 | D37: Rice | E37: {=VLOOKUP(D37,'Rating Lookup'!$A2:$B138,2,FALSE)} -> -5.913173 | F37: Texas | G37: {=VLOOKUP(F37,'Rating Lookup'!$A2:$B138,2,FALSE)} -> 5.9882203 | H37: C Michigan | I37: {=VLOOKUP(H37,'Rating Lookup'!$A2:$B138,2,FALSE)} -> -3.7770901 | J37: USC | K37: {=VLOOKUP(J37,'Rating Lookup'!$A2:$B138,2,FALSE)} -> 6.1075652 | L37: Kansas | M37: {=VLOOKUP(L37,'Rating Lookup'!$A2:$B138,2,FALSE)} -> 4.578754 | N37: Notre Dame | O37: {=VLOOKUP(N37,'Rating Lookup'!$A2:$B138,2,FALSE)} -> 7.7537153 | P37: {=AVERAGE(C37,E37,G37,I37,K37,M37,O37)} -> 2.3368106
A38: Georgia St | B38: BYU | C38: {=VLOOKUP(B38,'Rating Lookup'!$A2:$B138,2,FALSE)} -> 1.6062412 | D38: S Alabama | E38: {=VLOOKUP(D38,'Rating Lookup'!$A2:$B138,2,FALSE)} -> -2.9176237 | F38: Stanford | G38: {=VLOOKUP(F38,'Rating Lookup'!$A2:$B138,2,FALSE)} -> -0.42667334 | H38: TCU | I38: {=VLOOKUP(H38,'Rating Lookup'!$A2:$B138,2,FALSE)} -> 3.4749183 | J38: Nebraska | K38: {=VLOOKUP(J38,'Rating Lookup'!$A2:$B138,2,FALSE)} -> 1.9227152 | L38: C Michigan | M38: {=VLOOKUP(L38,'Rating Lookup'!$A2:$B138,2,FALSE)} -> -3.7770901 | N38: S Alabama | O38: {=VLOOKUP(N38,'Rating Lookup'!$A2:$B138,2,FALSE)} -> -2.9176237 | P38: {=AVERAGE(C38,E38,G38,I38,K38,M38,O38)} -> -0.43359088
A39: Georgia Tech | B39: Nevada | C39: {=VLOOKUP(B39,'Rating Lookup'!$A2:$B138,2,FALSE)} -> -4.0864015 | D39: Mississippi St | E39: {=VLOOKUP(D39,'Rating Lookup'!$A2:$B138,2,FALSE)} -> 3.4608221 | F39: Southern Miss | G39: {=VLOOKUP(F39,'Rating Lookup'!$A2:$B138,2,FALSE)} -> -3.9569194 | H39: UTSA | I39: {=VLOOKUP(H39,'Rating Lookup'!$A2:$B138,2,FALSE)} -> 1.8022615 | J39: Colorado | K39: {=VLOOKUP(J39,'Rating Lookup'!$A2:$B138,2,FALSE)} -> -1.9231974 | L39: Arizona | M39: {=VLOOKUP(L39,'Rating Lookup'!$A2:$B138,2,FALSE)} -> 1.8886351 | N39: Jacksonville St | O39: {=VLOOKUP(N39,'Rating Lookup'!$A2:$B138,2,FALSE)} -> -3.2813561 | P39: {=AVERAGE(C39,E39,G39,I39,K39,M39,O39)} -> -0.87087939
A40: Hawai'i | B40: S Florida | C40: {=VLOOKUP(B40,'Rating Lookup'!$A2:$B138,2,FALSE)} -> 0.58617659 | D40: TCU | E40: {=VLOOKUP(D40,'Rating Lookup'!$A2:$B138,2,FALSE)} -> 3.4749183 | F40: Arizona | G40: {=VLOOKUP(F40,'Rating Lookup'!$A2:$B138,2,FALSE)} -> 1.8886351 | H40: Oregon St | I40: {=VLOOKUP(H40,'Rating Lookup'!$A2:$B138,2,FALSE)} -> -3.3309972 | J40: Ohio St | K40: {=VLOOKUP(J40,'Rating Lookup'!$A2:$B138,2,FALSE)} -> 5.2748384 | L40: Arkansas | M40: {=VLOOKUP(L40,'Rating Lookup'!$A2:$B138,2,FALSE)} -> -0.54225691 | N40: Nebraska | O40: {=VLOOKUP(N40,'Rating Lookup'!$A2:$B138,2,FALSE)} -> 1.9227152 | P40: {=AVERAGE(C40,E40,G40,I40,K40,M40,O40)} -> 1.3248614
A41: Houston | B41: Tennessee | C41: {=VLOOKUP(B41,'Rating Lookup'!$A2:$B138,2,FALSE)} -> 3.9035829 | D41: North Carolina | E41: {=VLOOKUP(D41,'Rating Lookup'!$A2:$B138,2,FALSE)} -> -0.8363601 | F41: Troy | G41: {=VLOOKUP(F41,'Rating Lookup'!$A2:$B138,2,FALSE)} -> -2.7925413 | H41: W Kentucky | I41: {=VLOOKUP(H41,'Rating Lookup'!$A2:$B138,2,FALSE)} -> -1.9298534 | J41: Indiana | K41: {=VLOOKUP(J41,'Rating Lookup'!$A2:$B138,2,FALSE)} -> 0.75991913 | L41: E Michigan | M41: {=VLOOKUP(L41,'Rating Lookup'!$A2:$B138,2,FALSE)} -> -1.8705117 | N41: Boston College | O41: {=VLOOKUP(N41,'Rating Lookup'!$A2:$B138,2,FALSE)} -> -0.46501956 | P41: {=AVERAGE(C41,E41,G41,I41,K41,M41,O41)} -> -0.46154059
A42: Illinois | B42: Florida St | C42: {=VLOOKUP(B42,'Rating Lookup'!$A2:$B138,2,FALSE)} -> 3.5726018 | D42: Navy | E42: {=VLOOKUP(D42,'Rating Lookup'!$A2:$B138,2,FALSE)} -> 3.2433579 | F42: Nevada | G42: {=VLOOKUP(F42,'Rating Lookup'!$A2:$B138,2,FALSE)} -> -4.0864015 | H42: Army | I42: {=VLOOKUP(H42,'Rating Lookup'!$A2:$B138,2,FALSE)} -> -0.47110028 | J42: S Alabama | K42: {=VLOOKUP(J42,'Rating Lookup'!$A2:$B138,2,FALSE)} -> -2.9176237 | L42: NC State | M42: {=VLOOKUP(L42,'Rating Lookup'!$A2:$B138,2,FALSE)} -> 0.59579452 | N42: Temple | O42: {=VLOOKUP(N42,'Rating Lookup'!$A2:$B138,2,FALSE)} -> -3.6593539 | P42: {=AVERAGE(C42,E42,G42,I42,K42,M42,O42)} -> -0.53181789
A43: Indiana | B43: Ball St | C43: {=VLOOKUP(B43,'Rating Lookup'!$A2:$B138,2,FALSE)} -> -7.8554102 | D43: Arkansas | E43: {=VLOOKUP(D43,'Rating Lookup'!$A2:$B138,2,FALSE)} -> -0.54225691 | F43: E Michigan | G43: {=VLOOKUP(F43,'Rating Lookup'!$A2:$B138,2,FALSE)} -> -1.8705117 | H43: J Madison | I43: {=VLOOKUP(H43,'Rating Lookup'!$A2:$B138,2,FALSE)} -> -3.3005883 | J43: Houston | K43: {=VLOOKUP(J43,'Rating Lookup'!$A2:$B138,2,FALSE)} -> -3.8364334 | L43: Bowling Green | M43: {=VLOOKUP(L43,'Rating Lookup'!$A2:$B138,2,FALSE)} -> -6.8572925 | N43: Troy | O43: {=VLOOKUP(N43,'Rating Lookup'!$A2:$B138,2,FALSE)} -> -2.7925413 | P43: {=AVERAGE(C43,E43,G43,I43,K43,M43,O43)} -> -3.8650049
A44: Iowa | B44: Akron | C44: {=VLOOKUP(B44,'Rating Lookup'!$A2:$B138,2,FALSE)} -> -5.9460984 | D44: Baylor | E44: {=VLOOKUP(D44,'Rating Lookup'!$A2:$B138,2,FALSE)} -> -2.5388567 | F44: LSU | G44: {=VLOOKUP(F44,'Rating Lookup'!$A2:$B138,2,FALSE)} -> 3.6549276 | H44: South Carolina | I44: {=VLOOKUP(H44,'Rating Lookup'!$A2:$B138,2,FALSE)} -> 2.7432077 | J44: Georgia | K44: {=VLOOKUP(J44,'Rating Lookup'!$A2:$B138,2,FALSE)} -> 5.591297 | L44: Utah St | M44: {=VLOOKUP(L44,'Rating Lookup'!$A2:$B138,2,FALSE)} -> -5.5325209 | N44: W Michigan | O44: {=VLOOKUP(N44,'Rating Lookup'!$A2:$B138,2,FALSE)} -> 1.3559851 | P44: {=AVERAGE(C44,E44,G44,I44,K44,M44,O44)} -> -0.096008373
A45: Iowa St | B45: N Illinois | C45: {=VLOOKUP(B45,'Rating Lookup'!$A2:$B138,2,FALSE)} -> -4.3473535 | D45: Charlotte | E45: {=VLOOKUP(D45,'Rating Lookup'!$A2:$B138,2,FALSE)} -> -4.4638144 | F45: Wisconsin | G45: {=VLOOKUP(F45,'Rating Lookup'!$A2:$B138,2,FALSE)} -> 1.949544 | H45: Texas | I45: {=VLOOKUP(H45,'Rating Lookup'!$A2:$B138,2,FALSE)} -> 5.9882203 | J45: Purdue | K45: {=VLOOKUP(J45,'Rating Lookup'!$A2:$B138,2,FALSE)} -> -1.8691534 | L45: Michigan | M45: {=VLOOKUP(L45,'Rating Lookup'!$A2:$B138,2,FALSE)} -> 3.9426785 | N45: Texas | O45: {=VLOOKUP(N45,'Rating Lookup'!$A2:$B138,2,FALSE)} -> 5.9882203 | P45: {=AVERAGE(C45,E45,G45,I45,K45,M45,O45)} -> 1.026906
A46: J Madison | B46: Northwestern | C46: {=VLOOKUP(B46,'Rating Lookup'!$A2:$B138,2,FALSE)} -> -1.1695043 | D46: Alabama | E46: {=VLOOKUP(D46,'Rating Lookup'!$A2:$B138,2,FALSE)} -> 5.2283042 | F46: Michigan | G46: {=VLOOKUP(F46,'Rating Lookup'!$A2:$B138,2,FALSE)} -> 3.9426785 | H46: Indiana | I46: {=VLOOKUP(H46,'Rating Lookup'!$A2:$B138,2,FALSE)} -> 0.75991913 | J46: Missouri | K46: {=VLOOKUP(J46,'Rating Lookup'!$A2:$B138,2,FALSE)} -> 4.0142572 | L46: Middle Tenn | M46: {=VLOOKUP(L46,'Rating Lookup'!$A2:$B138,2,FALSE)} -> -7.4278032 | N46: Oklahoma | O46: {=VLOOKUP(N46,'Rating Lookup'!$A2:$B138,2,FALSE)} -> 5.6719954 | P46: {=AVERAGE(C46,E46,G46,I46,K46,M46,O46)} -> 1.5742638
A47: Jacksonville St | B47: California | C47: {=VLOOKUP(B47,'Rating Lookup'!$A2:$B138,2,FALSE)} -> 0.018556443 | D47: Duke | E47: {=VLOOKUP(D47,'Rating Lookup'!$A2:$B138,2,FALSE)} -> 3.1946532 | F47: TCU | G47: {=VLOOKUP(F47,'Rating Lookup'!$A2:$B138,2,FALSE)} -> 3.4749183 | H47: Missouri St | I47: {=VLOOKUP(H47,'Rating Lookup'!$A2:$B138,2,FALSE)} -> -3.1708242 | J47: UCLA | K47: {=VLOOKUP(J47,'Rating Lookup'!$A2:$B138,2,FALSE)} -> -0.11442308 | L47: E Carolina | M47: {=VLOOKUP(L47,'Rating Lookup'!$A2:$B138,2,FALSE)} -> 0.24863859 | N47: Georgia Tech | O47: {=VLOOKUP(N47,'Rating Lookup'!$A2:$B138,2,FALSE)} -> 4.0043546 | P47: {=AVERAGE(C47,E47,G47,I47,K47,M47,O47)} -> 1.0936963
A48: Kansas | B48: Mississippi | C48: {=VLOOKUP(B48,'Rating Lookup'!$A2:$B138,2,FALSE)} -> 5.5136048 | D48: Memphis | E48: {=VLOOKUP(D48,'Rating Lookup'!$A2:$B138,2,FALSE)} -> 1.6196825 | F48: Ohio St | G48: {=VLOOKUP(F48,'Rating Lookup'!$A2:$B138,2,FALSE)} -> 5.2748384 | H48: Colorado St | I48: {=VLOOKUP(H48,'Rating Lookup'!$A2:$B138,2,FALSE)} -> -4.1947203 | J48: Oklahoma | K48: {=VLOOKUP(J48,'Rating Lookup'!$A2:$B138,2,FALSE)} -> 5.6719954 | L48: Georgia So | M48: {=VLOOKUP(L48,'Rating Lookup'!$A2:$B138,2,FALSE)} -> -0.53831982 | N48: Missouri St | O48: {=VLOOKUP(N48,'Rating Lookup'!$A2:$B138,2,FALSE)} -> -3.1708242 | P48: {=AVERAGE(C48,E48,G48,I48,K48,M48,O48)} -> 1.453751
A49: Kansas St | B49: UAB | C49: {=VLOOKUP(B49,'Rating Lookup'!$A2:$B138,2,FALSE)} -> -5.2111721 | D49: Florida Atlantic | E49: {=VLOOKUP(D49,'Rating Lookup'!$A2:$B138,2,FALSE)} -> -2.5891425 | F49: Charlotte | G49: {=VLOOKUP(F49,'Rating Lookup'!$A2:$B138,2,FALSE)} -> -4.4638144 | H49: Miami | I49: {=VLOOKUP(H49,'Rating Lookup'!$A2:$B138,2,FALSE)} -> 5.0922019 | J49: Kennesaw St | K49: {=VLOOKUP(J49,'Rating Lookup'!$A2:$B138,2,FALSE)} -> -4.0232193 | L49: New Mexico | M49: {=VLOOKUP(L49,'Rating Lookup'!$A2:$B138,2,FALSE)} -> 1.6767028 | N49: Florida St | O49: {=VLOOKUP(N49,'Rating Lookup'!$A2:$B138,2,FALSE)} -> 3.5726018 | P49: {=AVERAGE(C49,E49,G49,I49,K49,M49,O49)} -> -0.84940595
A50: Kennesaw St | B50: UTSA | C50: {=VLOOKUP(B50,'Rating Lookup'!$A2:$B138,2,FALSE)} -> 1.8022615 | D50: NC State | E50: {=VLOOKUP(D50,'Rating Lookup'!$A2:$B138,2,FALSE)} -> 0.59579452 | F50: West Virginia | G50: {=VLOOKUP(F50,'Rating Lookup'!$A2:$B138,2,FALSE)} -> 3.3151201 | H50: Arkansas | I50: {=VLOOKUP(H50,'Rating Lookup'!$A2:$B138,2,FALSE)} -> -0.54225691 | J50: Kansas St | K50: {=VLOOKUP(J50,'Rating Lookup'!$A2:$B138,2,FALSE)} -> 0.27567816 | L50: Toledo | M50: {=VLOOKUP(L50,'Rating Lookup'!$A2:$B138,2,FALSE)} -> 4.558876 | N50: Arkansas | O50: {=VLOOKUP(N50,'Rating Lookup'!$A2:$B138,2,FALSE)} -> -0.54225691 | P50: {=AVERAGE(C50,E50,G50,I50,K50,M50,O50)} -> 1.3518881
A51: Kent St | B51: UMass | C51: {=VLOOKUP(B51,'Rating Lookup'!$A2:$B138,2,FALSE)} -> -9.316543 | D51: Texas A&M | E51: {=VLOOKUP(D51,'Rating Lookup'!$A2:$B138,2,FALSE)} -> 4.2657068 | F51: BYU | G51: {=VLOOKUP(F51,'Rating Lookup'!$A2:$B138,2,FALSE)} -> 1.6062412 | H51: Pittsburgh | I51: {=VLOOKUP(H51,'Rating Lookup'!$A2:$B138,2,FALSE)} -> 2.3773724 | J51: UNLV | K51: {=VLOOKUP(J51,'Rating Lookup'!$A2:$B138,2,FALSE)} -> 0.20014219 | L51: Marshall | M51: {=VLOOKUP(L51,'Rating Lookup'!$A2:$B138,2,FALSE)} -> -1.0455592 | N51: Maryland | O51: {=VLOOKUP(N51,'Rating Lookup'!$A2:$B138,2,FALSE)} -> 0.52439596 | P51: {=AVERAGE(C51,E51,G51,I51,K51,M51,O51)} -> -0.19832052
A52: Kentucky | B52: Utah St | C52: {=VLOOKUP(B52,'Rating Lookup'!$A2:$B138,2,FALSE)} -> -5.5325209 | D52: Texas | E52: {=VLOOKUP(D52,'Rating Lookup'!$A2:$B138,2,FALSE)} -> 5.9882203 | F52: Maryland | G52: {=VLOOKUP(F52,'Rating Lookup'!$A2:$B138,2,FALSE)} -> 0.52439596 | H52: App State | I52: {=VLOOKUP(H52,'Rating Lookup'!$A2:$B138,2,FALSE)} -> -4.1152425 | J52: Louisville | K52: {=VLOOKUP(J52,'Rating Lookup'!$A2:$B138,2,FALSE)} -> 4.3112326 | L52: Mississippi | M52: {=VLOOKUP(L52,'Rating Lookup'!$A2:$B138,2,FALSE)} -> 5.5136048 | N52: Oregon St | O52: {=VLOOKUP(N52,'Rating Lookup'!$A2:$B138,2,FALSE)} -> -3.3309972 | P52: {=AVERAGE(C52,E52,G52,I52,K52,M52,O52)} -> 0.47981329
A53: LSU | B53: Virginia Tech | C53: {=VLOOKUP(B53,'Rating Lookup'!$A2:$B138,2,FALSE)} -> -1.0128108 | D53: SMU | E53: {=VLOOKUP(D53,'Rating Lookup'!$A2:$B138,2,FALSE)} -> 6.0318777 | F53: Iowa | G53: {=VLOOKUP(F53,'Rating Lookup'!$A2:$B138,2,FALSE)} -> 2.7790891 | H53: Duke | I53: {=VLOOKUP(H53,'Rating Lookup'!$A2:$B138,2,FALSE)} -> 3.1946532 | J53: Virginia Tech | K53: {=VLOOKUP(J53,'Rating Lookup'!$A2:$B138,2,FALSE)} -> -1.0128108 | L53: Georgia | M53: {=VLOOKUP(L53,'Rating Lookup'!$A2:$B138,2,FALSE)} -> 5.591297 | N53: Louisiana Tech | O53: {=VLOOKUP(N53,'Rating Lookup'!$A2:$B138,2,FALSE)} -> -1.3595623 | P53: {=AVERAGE(C53,E53,G53,I53,K53,M53,O53)} -> 2.0302476
A54: Liberty | B54: Texas St | C54: {=VLOOKUP(B54,'Rating Lookup'!$A2:$B138,2,FALSE)} -> -0.77221082 | D54: West Virginia | E54: {=VLOOKUP(D54,'Rating Lookup'!$A2:$B138,2,FALSE)} -> 3.3151201 | F54: Navy | G54: {=VLOOKUP(F54,'Rating Lookup'!$A2:$B138,2,FALSE)} -> 3.2433579 | H54: UCLA | I54: {=VLOOKUP(H54,'Rating Lookup'!$A2:$B138,2,FALSE)} -> -0.11442308 | J54: E Carolina | K54: {=VLOOKUP(J54,'Rating Lookup'!$A2:$B138,2,FALSE)} -> 0.24863859 | L54: Oregon St | M54: {=VLOOKUP(L54,'Rating Lookup'!$A2:$B138,2,FALSE)} -> -3.3309972 | N54: N Illinois | O54: {=VLOOKUP(N54,'Rating Lookup'!$A2:$B138,2,FALSE)} -> -4.3473535 | P54: {=AVERAGE(C54,E54,G54,I54,K54,M54,O54)} -> -0.25112401
A55: Louisiana | B55: Troy | C55: {=VLOOKUP(B55,'Rating Lookup'!$A2:$B138,2,FALSE)} -> -2.7925413 | D55: Pittsburgh | E55: {=VLOOKUP(D55,'Rating Lookup'!$A2:$B138,2,FALSE)} -> 2.3773724 | F55: Air Force | G55: {=VLOOKUP(F55,'Rating Lookup'!$A2:$B138,2,FALSE)} -> -1.1696052 | H55: Bowling Green | I55: {=VLOOKUP(H55,'Rating Lookup'!$A2:$B138,2,FALSE)} -> -6.8572925 | J55: Cincinnati | K55: {=VLOOKUP(J55,'Rating Lookup'!$A2:$B138,2,FALSE)} -> 1.4600486 | L55: Vanderbilt | M55: {=VLOOKUP(L55,'Rating Lookup'!$A2:$B138,2,FALSE)} -> 3.6994365 | N55: UCF | O55: {=VLOOKUP(N55,'Rating Lookup'!$A2:$B138,2,FALSE)} -> -2.2314515 | P55: {=AVERAGE(C55,E55,G55,I55,K55,M55,O55)} -> -0.78771901
A56: Louisiana Tech | B56: App State | C56: {=VLOOKUP(B56,'Rating Lookup'!$A2:$B138,2,FALSE)} -> -4.1152425 | D56: E Michigan | E56: {=VLOOKUP(D56,'Rating Lookup'!$A2:$B138,2,FALSE)} -> -1.8705117 | F56: Alabama | G56: {=VLOOKUP(F56,'Rating Lookup'!$A2:$B138,2,FALSE)} -> 5.2283042 | H56: Delaware | I56: {=VLOOKUP(H56,'Rating Lookup'!$A2:$B138,2,FALSE)} -> -3.7656245 | J56: Michigan St | K56: {=VLOOKUP(J56,'Rating Lookup'!$A2:$B138,2,FALSE)} -> -0.84768132 | L56: Florida St | M56: {=VLOOKUP(L56,'Rating Lookup'!$A2:$B138,2,FALSE)} -> 3.5726018 | N56: LSU | O56: {=VLOOKUP(N56,'Rating Lookup'!$A2:$B138,2,FALSE)} -> 3.6549276 | P56: {=AVERAGE(C56,E56,G56,I56,K56,M56,O56)} -> 0.26525336
A57: Louisville | B57: Clemson | C57: {=VLOOKUP(B57,'Rating Lookup'!$A2:$B138,2,FALSE)} -> 2.6281733 | D57: Clemson | E57: {=VLOOKUP(D57,'Rating Lookup'!$A2:$B138,2,FALSE)} -> 2.6281733 | F57: San Jose St | G57: {=VLOOKUP(F57,'Rating Lookup'!$A2:$B138,2,FALSE)} -> -2.5717038 | H57: Alabama | I57: {=VLOOKUP(H57,'Rating Lookup'!$A2:$B138,2,FALSE)} -> 5.2283042 | J57: Kentucky | K57: {=VLOOKUP(J57,'Rating Lookup'!$A2:$B138,2,FALSE)} -> 1.6046713 | L57: Washington | M57: {=VLOOKUP(L57,'Rating Lookup'!$A2:$B138,2,FALSE)} -> 2.0273309 | N57: Fresno St | O57: {=VLOOKUP(N57,'Rating Lookup'!$A2:$B138,2,FALSE)} -> -3.2421483 | P57: {=AVERAGE(C57,E57,G57,I57,K57,M57,O57)} -> 1.1861144
A58: Marshall | B58: USC | C58: {=VLOOKUP(B58,'Rating Lookup'!$A2:$B138,2,FALSE)} -> 6.1075652 | D58: Nebraska | E58: {=VLOOKUP(D58,'Rating Lookup'!$A2:$B138,2,FALSE)} -> 1.9227152 | F58: Tulsa | G58: {=VLOOKUP(F58,'Rating Lookup'!$A2:$B138,2,FALSE)} -> -2.148185 | H58: N Texas | I58: {=VLOOKUP(H58,'Rating Lookup'!$A2:$B138,2,FALSE)} -> 3.2610572 | J58: San Diego St | K58: {=VLOOKUP(J58,'Rating Lookup'!$A2:$B138,2,FALSE)} -> 2.1807799 | L58: Kent St | M58: {=VLOOKUP(L58,'Rating Lookup'!$A2:$B138,2,FALSE)} -> -4.8235878 | N58: Colorado St | O58: {=VLOOKUP(N58,'Rating Lookup'!$A2:$B138,2,FALSE)} -> -4.1947203 | P58: {=AVERAGE(C58,E58,G58,I58,K58,M58,O58)} -> 0.32937491
A59: Maryland | B59: Vanderbilt | C59: {=VLOOKUP(B59,'Rating Lookup'!$A2:$B138,2,FALSE)} -> 3.6994365 | D59: Army | E59: {=VLOOKUP(D59,'Rating Lookup'!$A2:$B138,2,FALSE)} -> -0.47110028 | F59: Kentucky | G59: {=VLOOKUP(F59,'Rating Lookup'!$A2:$B138,2,FALSE)} -> 1.6046713 | H59: Colorado | I59: {=VLOOKUP(H59,'Rating Lookup'!$A2:$B138,2,FALSE)} -> -1.9231974 | J59: Clemson | K59: {=VLOOKUP(J59,'Rating Lookup'!$A2:$B138,2,FALSE)} -> 2.6281733 | L59: Missouri St | M59: {=VLOOKUP(L59,'Rating Lookup'!$A2:$B138,2,FALSE)} -> -3.1708242 | N59: Kent St | O59: {=VLOOKUP(N59,'Rating Lookup'!$A2:$B138,2,FALSE)} -> -4.8235878 | P59: {=AVERAGE(C59,E59,G59,I59,K59,M59,O59)} -> -0.35091836
